section_id,section_type,chapter_id,manual_value,drop_value_id,droop_limit_n,droop_limit2_n,droop_limit3,first_v_reward_n,v_reward_n,mop_reward_n,name
2110001,,2010000,6,10610001,0,20,,1,1,0,疯狂之船
2110101,,2010200,6,10610101,0,20,,2,1,0,现世之门再次开启
2110102,,2010200,6,10610102,0,20,,3,1,0,解构预言
2110103,,2010200,6,10610103,0,20,,3,1,0,雅娜的幻影
2110104,,2010200,6,10610105,0,20,,3,1,0,真相之幕
2110105,,2010200,6,10610106,0,20,,3,1,0,白夜大厅
2110106,,2010200,6,10610107,0,20,,4,1,0,光之预言
2110151,E_Challenge,2010200,30,10610151,27,25,1;3,2,1,0,白夜崩解·新月
2110152,E_Challenge,2010200,30,10610152,27,25,1;3,2,1,0,白夜崩解·娥眉月
2110153,E_Challenge,2010200,30,10610153,27,25,2;4,2,1,0,白夜崩解·上弦月
2110154,E_Challenge,2010200,30,10610154,27,25,2;4,2,1,0,白夜崩解·九夜月
2110155,E_Challenge,2010200,30,10610155,27,25,2;5,2,1,0,白夜崩解·满月
2110156,E_Challenge,2010200,30,10610156,27,25,3;5,2,1,0,白夜崩解·既望月
2110157,E_Challenge,2010200,30,10610157,27,25,3;6,2,1,0,白夜崩解·下弦月
2110158,E_Challenge,2010200,30,10610158,27,25,3;6,2,1,0,白夜崩解·残月
2110159,E_Challenge,2010200,30,10610159,27,25,3;6,2,1,0,白夜崩解·晦月
2110160,E_Challenge,2010200,30,10610160,27,25,3;6,2,1,0,白夜崩解·血月
2110191,E_EndlessWeekly,2060201,30,,0,21,,0,1,0,元素之章-起源
2110192,E_EndlessWeekly,2060201,30,,0,21,,0,1,0,元素之章-混沌
2110193,E_EndlessWeekly,2060201,30,,0,21,,0,1,0,元素之章-永恒
2110194,E_EndlessWeekly,2060201,30,,0,21,,0,1,0,元素之章-终焉
2110201,,2010300,6,10610201,0,20,,2,1,0,寂灭之墟：天降
2110202,,2010300,6,10610202,0,20,,2,1,0,寂灭之墟：星陨
2110203,,2010300,6,10610203,0,20,,2,1,0,寂灭之墟：幽魂
2110204,,2010300,6,10610204,0,20,,2,1,0,寂灭之墟：挽歌
2110205,,2010300,6,10610205,1,20,,2,1,0,寂灭之墟：血之海
2110206,,2010300,6,10610206,0,20,,2,1,0,世界尽头的爱意
2110207,,2010300,6,10610207,0,20,,2,1,0,月相的守护者
2110208,,2010300,6,10610208,0,20,,2,1,0,伊瑞绮嘉拉的消逝
2110251,E_Challenge,2010300,30,10610251,27,25,1;3,2,1,0,寂灭之墟·新月
2110252,E_Challenge,2010300,30,10610252,27,25,1;3,2,1,0,寂灭之墟·娥眉月
2110253,E_Challenge,2010300,30,10610253,27,25,2;4,2,1,0,寂灭之墟·上弦月
2110254,E_Challenge,2010300,30,10610254,27,25,2;4,2,1,0,寂灭之墟·九夜月
2110255,E_Challenge,2010300,30,10610255,27,25,2;5,2,1,0,寂灭之墟·满月
2110256,E_Challenge,2010300,30,10610256,27,25,3;5,2,1,0,寂灭之墟·既望月
2110257,E_Challenge,2010300,30,10610257,27,25,3;6,2,1,0,寂灭之墟·下弦月
2110258,E_Challenge,2010300,30,10610258,27,25,3;6,2,1,0,寂灭之墟·残月
2110259,E_Challenge,2010300,30,10610259,27,25,3;6,2,1,0,寂灭之墟·晦月
2110260,E_Challenge,2010300,30,10610260,27,25,3;6,2,1,0,寂灭之墟·血月
2110291,E_EndlessWeekly,2060101,30,,0,21,,0,1,0,元素之章：白夜
2110292,E_EndlessWeekly,2060101,30,,0,21,,0,1,0,元素之章：白夜
2110293,E_EndlessWeekly,2060101,30,,0,21,,0,1,0,元素之章：白夜
2110294,E_EndlessWeekly,2060101,30,,0,21,,0,1,0,元素之章：白夜
2110301,,2010400,6,10610301,0,20,,2,1,0,大过滤器
2110302,,2010400,6,10610302,0,20,,2,1,0,食色之灵
2110303,,2010400,6,10610303,0,20,,2,1,0,食香之灵
2110304,,2010400,6,10610304,0,20,,2,1,0,小龙虾的逆袭
2110305,,2010400,6,10610305,0,20,,2,1,0,食味之灵
2110306,,2010400,6,10610306,1,20,,2,1,0,天书之里
2110307,,2010400,6,10610307,0,20,,2,1,0,食形之灵
2110308,,2010400,6,10610308,0,20,,2,1,0,饕餮之里
2110351,E_Challenge,2010400,30,10610351,27,25,1;3,2,1,0,饕餮盛宴·新月
2110352,E_Challenge,2010400,30,10610352,27,25,1;3,2,1,0,饕餮盛宴·娥眉月
2110353,E_Challenge,2010400,30,10610353,27,25,2;4,2,1,0,饕餮盛宴·上弦月
2110354,E_Challenge,2010400,30,10610354,27,25,2;4,2,1,0,饕餮盛宴·九夜月
2110355,E_Challenge,2010400,30,10610355,27,25,2;5,2,1,0,饕餮盛宴·满月
2110356,E_Challenge,2010400,30,10610356,27,25,3;5,2,1,0,饕餮盛宴·既望月
2110357,E_Challenge,2010400,30,10610357,27,25,3;6,2,1,0,饕餮盛宴·下弦月
2110358,E_Challenge,2010400,30,10610358,27,25,3;6,2,1,0,饕餮盛宴·残月
2110359,E_Challenge,2010400,30,10610359,27,25,3;6,2,1,0,饕餮盛宴·晦月
2110360,E_Challenge,2010400,30,10610360,27,25,3;6,2,1,0,饕餮盛宴·血月
2110401,,2010500,6,10610401,0,20,,2,1,0,远自埃及的伙伴
2110402,,2010500,6,10610402,0,20,,2,1,0,初遇猫女神
2110403,,2010500,6,10610403,0,20,,2,1,0,光明的消失
2110404,,2010500,6,10610404,0,20,,2,1,0,生命的衰亡
2110405,,2010500,6,10610405,0,20,,2,1,0,真知的迷惑
2110406,,2010500,6,10610406,0,20,,2,1,0,永恒的黑暗
2110407,,2010500,6,10610407,0,20,,2,1,0,记忆的降解
2110408,,2010500,6,10610408,0,20,,2,1,0,失落的悲鸣
2110409,,2010500,6,10610409,1,20,,2,1,0,程序员之家
2110410,,2010500,6,10610410,0,20,,2,1,0,吞噬吧！阿波菲斯的神殿
2110451,E_Challenge,2010500,30,10610451,27,25,1;3,2,1,0,黑暗金字塔·新月
2110452,E_Challenge,2010500,30,10610452,27,25,1;3,2,1,0,黑暗金字塔·娥眉月
2110453,E_Challenge,2010500,30,10610453,27,25,2;4,2,1,0,黑暗金字塔·上弦月
2110454,E_Challenge,2010500,30,10610454,27,25,2;4,2,1,0,黑暗金字塔·九夜月
2110455,E_Challenge,2010500,30,10610455,27,25,2;5,2,1,0,黑暗金字塔·满月
2110456,E_Challenge,2010500,30,10610456,27,25,3;5,2,1,0,黑暗金字塔·既望月
2110457,E_Challenge,2010500,30,10610457,27,25,3;6,2,1,0,黑暗金字塔·下弦月
2110458,E_Challenge,2010500,30,10610458,27,25,3;6,2,1,0,黑暗金字塔·残月
2110459,E_Challenge,2010500,30,10610459,27,25,3;6,2,1,0,黑暗金字塔·晦月
2110460,E_Challenge,2010500,30,10610460,27,25,3;6,2,1,0,黑暗金字塔·血月
2110501,,2010600,6,10610501,0,20,,2,1,0,偶遇玄嚣
2110502,,2010600,6,10610502,0,20,,2,1,0,白夜召集
2110503,,2010600,6,10610503,0,20,,2,1,0,成神试炼
2110504,,2010600,6,10610504,0,20,,2,1,0,逆王国：恶魔的低语
2110505,,2010600,6,10610505,0,20,,2,1,0,逆根基：源泉的倒转
2110506,,2010600,6,10610506,0,20,,2,1,0,逆荣耀：欺骗的伟业
2110507,,2010600,6,10610507,0,20,,2,1,0,逆光辉：黑暗的咏唱
2110508,,2010600,6,10610508,0,20,,2,1,0,逆美丽：混乱的无序
2110509,,2010600,6,10610509,0,20,,2,1,0,危机！月神再临！
2110551,E_Challenge,2010600,30,10610551,27,25,1;3,2,1,0,火剑之路·新月
2110552,E_Challenge,2010600,30,10610552,27,25,1;3,2,1,0,火剑之路·娥眉月
2110553,E_Challenge,2010600,30,10610553,27,25,2;4,2,1,0,火剑之路·上弦月
2110554,E_Challenge,2010600,30,10610554,27,25,2;4,2,1,0,火剑之路·九夜月
2110555,E_Challenge,2010600,30,10610555,27,25,2;5,2,1,0,火剑之路·满月
2110556,E_Challenge,2010600,30,10610556,27,25,3;5,2,1,0,火剑之路·既望月
2110557,E_Challenge,2010600,30,10610557,27,25,3;6,2,1,0,火剑之路·下弦月
2110558,E_Challenge,2010600,30,10610558,27,25,3;6,2,1,0,火剑之路·残月
2110559,E_Challenge,2010600,30,10610559,27,25,3;6,2,1,0,火剑之路·晦月
2110560,E_Challenge,2010600,30,10610560,27,25,3;6,2,1,0,火剑之路·血月
2110601,,2010700,6,10610601,0,20,,2,1,0,时空凝滞的裂隙
2110602,,2010700,6,10610602,0,20,,2,1,0,迷宫：排行榜
2110603,,2010700,6,10610603,0,20,,2,1,0,迷思：昼夜
2110604,,2010700,6,10610604,0,20,,2,1,0,迷途：逆流
2110605,,2010700,6,10610605,2,20,,2,1,0,迷乱：背叛
2110606,,2010700,6,10610606,0,20,,2,1,0,迷境：蘑菇
2110607,,2010700,6,10610607,0,20,,2,1,0,迷惑：惩罚
2110608,,2010700,6,10610608,0,20,,2,1,0,迷茫：呼唤
2110651,E_Challenge,2010700,30,10610651,27,25,1;3,2,1,0,云中电玩城·新月
2110652,E_Challenge,2010700,30,10610652,27,25,1;3,2,1,0,云中电玩城·娥眉月
2110653,E_Challenge,2010700,30,10610653,27,25,2;4,2,1,0,云中电玩城·上弦月
2110654,E_Challenge,2010700,30,10610654,27,25,2;4,2,1,0,云中电玩城·九夜月
2110655,E_Challenge,2010700,30,10610655,27,25,2;5,2,1,0,云中电玩城·满月
2110656,E_Challenge,2010700,30,10610656,27,25,3;5,2,1,0,云中电玩城·既望月
2110657,E_Challenge,2010700,30,10610657,27,25,3;6,2,1,0,云中电玩城·下弦月
2110658,E_Challenge,2010700,30,10610658,27,25,3;6,2,1,0,云中电玩城·残月
2110659,E_Challenge,2010700,30,10610659,27,25,3;6,2,1,0,云中电玩城·晦月
2110660,E_Challenge,2010700,30,10610660,27,25,3;6,2,1,0,云中电玩城·血月
2110701,,2010800,6,10610701,0,20,,2,1,0,四神异况
2110702,,2010800,6,10610702,0,20,,2,1,0,第一庭院·小九里（螭里）
2110703,,2010800,6,10610703,0,20,,2,1,0,第二庭院 小八里（负里）
2110704,,2010800,6,10610704,0,20,,2,1,0,第三庭院·小七里（狴里）
2110705,,2010800,6,10610705,0,20,,2,1,0,第四庭院·小六里（霸里）
2110706,,2010800,6,10610706,4,20,,2,1,0,少昊的房间（废弃）
2110707,,2010800,6,10610707,0,20,,2,1,0,幻变之里
2110708,,2010800,6,10610708,0,20,,2,1,0,万物初始之庭
2110709,,2010800,6,10610709,0,20,,2,1,0,万物初始之灵
2110751,E_Challenge,2010800,30,10610751,27,25,1;3,2,1,0,四神学院·新月
2110752,E_Challenge,2010800,30,10610752,27,25,1;3,2,1,0,四神学院·娥眉月
2110753,E_Challenge,2010800,30,10610753,27,25,2;4,2,1,0,四神学院·上弦月
2110754,E_Challenge,2010800,30,10610754,27,25,2;4,2,1,0,四神学院·九夜月
2110755,E_Challenge,2010800,30,10610755,27,25,2;5,2,1,0,四神学院·满月
2110756,E_Challenge,2010800,30,10610756,27,25,3;5,2,1,0,四神学院·既望月
2110757,E_Challenge,2010800,30,10610757,27,25,3;6,2,1,0,四神学院·下弦月
2110758,E_Challenge,2010800,30,10610758,27,25,3;6,2,1,0,四神学院·残月
2110759,E_Challenge,2010800,30,10610759,27,25,3;6,2,1,0,四神学院·晦月
2110760,E_Challenge,2010800,30,10610760,27,25,3;6,2,1,0,四神学院·血月
2110801,,2010100,6,10610801,0,20,,2,1,0,久别的初遇
2110802,,2010100,6,10610802,0,20,,2,1,0,疯帽子
2110803,,2010100,6,10610803,0,20,,5,1,0,一切疯狂的中心
2110804,,2010100,6,10610804,0,20,,4,1,0,修正时间轴
2110851,E_Challenge,2010100,30,10610851,27,25,1;3,2,1,0,群星跃迁之时·新月
2110852,E_Challenge,2010100,30,10610852,27,25,1;3,2,1,0,群星跃迁之时·娥眉月
2110853,E_Challenge,2010100,30,10610853,27,25,2;4,2,1,0,群星跃迁之时·上弦月
2110854,E_Challenge,2010100,30,10610854,27,25,2;4,2,1,0,群星跃迁之时·九夜月
2110855,E_Challenge,2010100,30,10610855,27,25,2;5,2,1,0,群星跃迁之时·满月
2110856,E_Challenge,2010100,30,10610856,27,25,3;5,2,1,0,群星跃迁之时·既望月
2110857,E_Challenge,2010100,30,10610857,27,25,3;6,2,1,0,群星跃迁之时·下弦月
2110858,E_Challenge,2010100,30,10610858,27,25,3;6,2,1,0,群星跃迁之时·残月
2110859,E_Challenge,2010100,30,10610859,27,25,3;6,2,1,0,群星跃迁之时·晦月
2110860,E_Challenge,2010100,30,10610860,27,25,3;6,2,1,0,群星跃迁之时·血月
2110900,E_Endless,2010900,30,10610900,0,20,,0,1,0,#N/A
2110901,,2010900,6,10610901,0,20,,2,1,0,魔都震荡
2110902,,2010900,6,10610902,1,20,,2,1,0,盗火者
2110903,,2010900,6,10610903,0,20,,2,1,0,跳进兔子洞
2110904,,2010900,6,10610904,0,20,,2,1,0,未知的真相
2110905,,2010900,6,10610905,0,20,,2,1,0,莫比乌斯
2110906,,2010900,6,10610906,0,20,,2,1,0,再入兔子洞
2110907,,2010900,6,10610907,0,20,,2,1,0,疯狂的茶话会
2110908,,2010900,6,10610908,0,20,,2,1,0,船长室的幽影
2110909,,2010900,6,10610909,0,20,,2,1,0,循环断点
2110910,,2010900,6,10610909,0,20,,2,1,0,契约1202
2110951,E_Challenge,2010900,30,10610951,27,25,1;3,2,1,0,愚人船·新月
2110952,E_Challenge,2010900,30,10610952,27,25,1;3,2,1,0,愚人船·娥眉月
2110953,E_Challenge,2010900,30,10610953,27,25,2;4,2,1,0,愚人船·上弦月
2110954,E_Challenge,2010900,30,10610954,27,25,2;4,2,1,0,愚人船·九夜月
2110955,E_Challenge,2010900,30,10610955,27,25,2;5,2,1,0,愚人船·满月
2110956,E_Challenge,2010900,30,10610956,27,25,3;5,2,1,0,愚人船·既望月
2110957,E_Challenge,2010900,30,10610957,27,25,3;6,2,1,0,愚人船·下弦月
2110958,E_Challenge,2010900,30,10610958,27,25,3;6,2,1,0,愚人船·残月
2110959,E_Challenge,2010900,30,10610959,27,25,3;6,2,1,0,愚人船·晦月
2110960,E_Challenge,2010900,30,10610960,27,25,3;6,2,1,0,愚人船·血月
2111001,E_MoonChapter,2011000,,10611001,3,20,,0,0,0,月之荒庭
2111051,E_MoonChapter,2011000,,10610951,0,20,,0,0,0,月之暗面·新月
2111101,,2011100,6,10610901,0,20,,2,1,0,凡人终有一死
2111102,,2011100,6,10610902,0,20,,2,1,0,巨兽之终焉
2111103,,2011100,6,10610903,0,20,,2,1,0,原初的融合
2111104,,2011100,6,10610904,0,20,,2,1,0,平衡的力量
2111105,,2011100,6,10610905,0,20,,2,1,0,黑暗之神
2111106,,2011100,6,10610906,0,20,,2,1,0,灵魂归位之时
2111151,E_Challenge,2011100,30,10610951,27,25,1;3,2,1,0,月之暗面·新月
2111152,E_Challenge,2011100,30,10610952,27,25,1;3,2,1,0,月之暗面·娥眉月
2111153,E_Challenge,2011100,30,10610953,27,25,2;4,2,1,0,月之暗面·上弦月
2111154,E_Challenge,2011100,30,10610954,27,25,2;4,2,1,0,月之暗面·九夜月
2111155,E_Challenge,2011100,30,10610955,27,25,2;5,2,1,0,月之暗面·满月
2111156,E_Challenge,2011100,30,10610956,27,25,3;5,2,1,0,月之暗面·既望月
2111157,E_Challenge,2011100,30,10610957,27,25,3;6,2,1,0,月之暗面·下弦月
2111158,E_Challenge,2011100,30,10610958,27,25,3;6,2,1,0,月之暗面·残月
2111159,E_Challenge,2011100,30,10610959,27,25,3;6,2,1,0,月之暗面·晦月
2111160,E_Challenge,2011100,30,10610960,27,25,3;6,2,1,0,月之暗面·血月
2112751,E_Challenge,2010800,30,10610751,27,25,1;3,2,1,0,#N/A
2119900,E_Trainning,2019900,,,0,0,,0,0,0,星图空间·初级
2119901,E_Trainning,2019900,,,0,0,,0,0,0,星图空间·中级
2119902,E_Trainning,2019900,,,0,0,,0,0,0,星图空间·高级
2119903,E_Trainning,2019900,,,0,0,,0,0,0,星图空间·终极
2120301,E_PointOfView,2020301,6,,0,20,,2,1,0,死海巨兽
2120302,E_PointOfView,2020301,6,,0,20,,2,1,0,荒漠迷宫·一
2120303,E_PointOfView,2020301,6,,0,20,,2,1,0,荒漠迷宫·二
2120304,E_PointOfView,2020301,6,,0,20,,2,1,0,牧羊人序曲
2120305,E_PointOfView,2020301,6,,0,20,,2,1,0,牧羊人挽歌
2120306,E_PointOfView,2020301,6,10620306,1,20,,2,1,0,迷宫中的国王
2120307,E_PointOfView,2020301,6,,0,20,,2,1,0,现世之门
2121001,E_PointOfView,2021001,6,,0,20,,2,1,0,来自古老家族的委托
2121002,E_PointOfView,2021001,6,,0,20,,2,1,0,意识觉醒的猫包
2121003,E_PointOfView,2021001,6,,0,20,,2,1,0,食灵的反击
2121004,E_PointOfView,2021001,6,,0,20,,2,1,0,食灵的收藏
2121005,E_PointOfView,2021001,6,,0,20,,2,1,0,梦想的意义
2121006,E_PointOfView,2021002,6,,0,20,,2,1,0,四神学院的藏书系统
2121007,E_PointOfView,2021002,6,,0,20,,2,1,0,书中境
2121008,E_PointOfView,2021002,6,,0,20,,2,1,0,食灵的混乱记忆
2121009,E_PointOfView,2021002,6,,0,20,,2,1,0,食物的契约
2121010,E_PointOfView,2021002,6,,0,20,,2,1,0,梦想的代价
2121011,E_PointOfView,2021003,6,,0,20,,2,1,0,暗地相遇
2121012,E_PointOfView,2021003,6,,0,20,,2,1,0,梦与昼夜
2121013,E_PointOfView,2021003,6,,0,20,,2,1,0,久别的初逢
2121014,E_PointOfView,2021003,6,,0,20,,2,1,0,目标：消灭影狐
2121021,E_PointOfView,2021023,6,,0,20,,1,1,0,暗地相遇
2121022,E_PointOfView,2021023,6,,0,20,,1,1,0,梦与昼夜
2121023,E_PointOfView,2021023,6,,0,20,,1,1,0,久别的初逢
2121024,E_PointOfView,2021023,6,,0,20,,1,1,0,目标：消灭影狐
2121501,E_PointOfView,2021501,6,,0,20,,2,1,0,雷鸣之时
2121502,E_PointOfView,2021501,6,,0,20,,2,1,0,雾隐之时
2121503,E_PointOfView,2021501,6,,0,20,,2,1,0,拜访学院
2121504,E_PointOfView,2021501,6,,0,20,,2,1,0,借物
2121505,E_PointOfView,2021501,6,,0,20,,2,1,0,方寸
2121506,E_PointOfView,2021501,6,,0,20,,2,1,0,暗地
2121511,E_PointOfView,2021511,6,,0,20,,1,1,0,雷鸣之时
2121512,E_PointOfView,2021511,6,,0,20,,1,1,0,雾隐之时
2121513,E_PointOfView,2021511,6,,0,20,,1,1,0,拜访学院
2121514,E_PointOfView,2021511,6,,0,20,,1,1,0,借物
2121515,E_PointOfView,2021511,6,,0,20,,1,1,0,方寸
2121516,E_PointOfView,2021511,6,,0,20,,1,1,0,暗地
2121801,E_PointOfView,2021800,6,10621801,0,20,,2,1,0,毛茸茸的野心在膨胀！
2121802,E_PointOfView,2021800,6,10621802,0,20,,2,1,0,在美食街遇到青龙
2121803,E_PointOfView,2021800,6,10621803,0,20,,2,1,0,神秘又狡诈的青丘少年
2121804,E_PointOfView,2021800,6,10621804,0,20,,2,1,0,胡狼神啊摇起热情的尾巴
2121901,E_PointOfView,2021901,6,,0,20,,2,1,0,噩梦之源
2121902,E_PointOfView,2021901,6,10621902,1,20,,2,1,0,不灭的花种
2121903,E_PointOfView,2021901,6,,0,20,,2,1,0,魔法的教诲
2121904,E_PointOfView,2021901,6,,0,20,,2,1,0,建议
2121905,E_PointOfView,2021901,6,,0,20,,2,1,0,空中花园
2122001,E_PointOfView,2022001,6,,0,20,,2,1,0,受命
2122002,E_PointOfView,2022001,6,,0,20,,2,1,0,寻景
2122003,E_PointOfView,2022001,6,,0,20,,2,1,0,方寸
2122004,E_PointOfView,2022001,6,,0,20,,2,1,0,探幽
2122101,E_PointOfView,2022101,6,,0,19,,2,1,0,藏物
2122102,E_PointOfView,2022101,6,,0,20,,2,1,0,问路
2122103,E_PointOfView,2022101,6,,0,20,,2,1,0,受问
2122201,E_PointOfView,2022201,6,,0,20,,2,1,0,亡界
2122202,E_PointOfView,2022201,6,,0,20,,2,1,0,愿景
2122701,E_PointOfView,2022701,6,,0,20,,2,1,0,竞技场
2122702,E_PointOfView,2022701,6,,0,20,,2,1,0,暗地
2122703,E_PointOfView,2022701,6,,0,20,,2,1,0,镜像
2122704,E_PointOfView,2022701,6,,0,20,,2,1,0,影狐
2122711,E_PointOfView,2022711,6,,0,20,,1,1,0,竞技场
2122712,E_PointOfView,2022711,6,,0,20,,1,1,0,暗地
2122713,E_PointOfView,2022711,6,,0,20,,1,1,0,镜像
2122714,E_PointOfView,2022711,6,,0,20,,1,1,0,影狐
2122801,E_PointOfView,2022801,6,,0,20,,2,1,0,雷喑之时
2122802,E_PointOfView,2022801,6,,0,20,,2,1,0,雾弥之时
2122811,E_PointOfView,2022811,6,,0,20,,1,1,0,雷喑之时
2122812,E_PointOfView,2022811,6,,0,20,,1,1,0,雾弥之时
2123001,E_PointOfView,2023001,6,,0,20,,2,1,0,浮光
2123002,E_PointOfView,2023001,6,,0,20,,2,1,0,枯影
2123003,E_PointOfView,2023001,6,,0,20,,2,1,0,曳火
2123004,E_PointOfView,2023001,6,,0,20,,2,1,0,竭潮
2123005,E_PointOfView,2023001,6,,0,20,,2,1,0,连罪
2123006,E_PointOfView,2023001,6,,0,20,,2,1,0,方醒
2123101,E_PointOfView,2023101,6,,0,20,,2,1,0,久别
2123102,E_PointOfView,2023101,6,,0,20,,2,1,0,回溯
2123103,E_PointOfView,2023101,6,,0,20,,2,1,0,重归
2123104,E_PointOfView,2023102,6,,0,20,,2,1,0,虚惊
2123105,E_PointOfView,2023102,6,,0,20,,2,1,0,挽留之计
2123106,E_PointOfView,2023102,6,,0,20,,2,1,0,偶遇当事人
2123201,E_PointOfView,2023201,6,,0,20,,2,1,0,谙梦
2123202,E_PointOfView,2023201,6,,0,20,,2,1,0,神临
2123401,E_PointOfView,2023401,6,,0,20,,2,1,0,#N/A
2123402,E_PointOfView,2023401,6,,0,20,,2,1,0,#N/A
2123403,E_PointOfView,2023401,6,,0,20,,2,1,0,#N/A
2123501,E_PointOfView,2023501,6,,0,4,,2,1,0,虚拟里世界
2123502,E_PointOfView,2023501,6,,0,4,,2,1,0,特殊数据核
2123503,E_PointOfView,2023501,6,,0,4,,2,1,0,片段记录
2123504,E_PointOfView,2023501,6,,1,4,,2,1,0,虚实问答
2123505,E_PointOfView,2023501,6,,0,4,,3,1,0,暗潮重塑
2130101,E_Daily,2030100,6,10630101,5,4,,1,1,2,咻咻的宝藏秘境
2130102,E_Daily,2030100,12,10630102,5,4,,1,1,2,咻咻的宝藏秘境
2130103,E_Daily,2030100,18,10630103,5,4,,1,1,2,咻咻的宝藏秘境
2130104,E_Daily,2030100,24,10630104,5,4,,1,1,2,咻咻的宝藏秘境
2130105,E_Daily,2030100,30,10630105,5,4,,1,1,2,咻咻的宝藏秘境
2130106,E_Daily,2032110,6,10630106,4,4,,0,1,2,咻咻的宝藏秘境
2130107,E_Daily,2032110,12,10630107,4,4,,0,1,2,咻咻的宝藏秘境
2130108,E_Daily,2032110,18,10630108,4,4,,0,1,2,咻咻的宝藏秘境
2130109,E_Daily,2032110,24,10630109,4,4,,0,1,2,咻咻的宝藏秘境
2130110,E_Daily,2032110,30,10630110,4,4,,0,1,2,咻咻的宝藏秘境
2130201,E_Daily,2030200,12,10630201,0,3,,1,3,3,炼成复刻
2130202,E_Daily,2030200,18,10630202,0,3,,1,4,4,炼成复刻
2130203,E_Daily,2030200,24,10630203,0,3,,1,4,4,炼成复刻
2130204,E_Daily,2030200,30,10630204,0,3,,1,4,4,炼成复刻
2130205,E_Daily,2030200,36,10630205,0,3,,1,4,4,炼成复刻
2130501,E_Daily,2030500,24,10630501,0,3,,1,4,4,饕餮再临
2130502,E_Daily,2030500,30,10630502,0,3,,1,5,5,饕餮再临
2130503,E_Daily,2030500,36,10630503,0,3,,1,5,5,饕餮再临
2130601,E_Daily,2030600,24,10630601,0,3,,1,4,4,阿波菲斯再临
2130602,E_Daily,2030600,30,10630602,0,3,,1,5,5,阿波菲斯再临
2130603,E_Daily,2030600,36,10630603,0,3,,1,5,5,阿波菲斯再临
2130701,E_Daily,2030700,24,10630701,0,3,,1,4,4,惩罚者再临
2130702,E_Daily,2030700,30,10630702,0,3,,1,5,5,惩罚者再临
2130703,E_Daily,2030700,36,10630703,0,3,,1,5,5,惩罚者再临
2131201,E_Daily,2031200,24,10631201,3,3,,1,4,4,天书再临
2131202,E_Daily,2031200,30,10631202,3,3,,1,5,5,天书再临
2131203,E_Daily,2031200,36,10631203,3,3,,1,5,5,天书再临
2131301,E_Daily,2031300,18,10631301,3,3,,1,4,4,计都再临
2131302,E_Daily,2031300,24,10631302,3,3,,1,5,5,计都再临
2131303,E_Daily,2031300,30,10631303,3,3,,1,5,5,计都再临
2131304,E_Daily,2031300,36,10631304,3,3,,1,5,5,计都再临
2132001,E_Daily,2032000,6,10630301,0,3,,1,3,3,奥林匹亚之火
2132002,E_Daily,2032000,12,10630302,0,3,,1,4,4,奥林匹亚之火
2132003,E_Daily,2032000,18,10630303,0,3,,1,3,3,奥林匹亚之火
2132004,E_Daily,2032000,24,10630304,0,3,,1,3,3,奥林匹亚之火
2132005,E_Daily,2032000,30,10630305,0,3,,1,3,3,奥林匹亚之火
2132101,E_Daily,2032100,12,10630401,0,3,,1,3,3,时之痕
2132102,E_Daily,2032100,18,10630402,0,3,,1,4,4,时之痕
2132103,E_Daily,2032100,24,10630403,0,3,,1,4,4,时之痕
2132104,E_Daily,2032100,30,10630404,0,3,,1,4,4,时之痕
2132105,E_Daily,2032100,36,10630405,0,3,,1,4,4,时之痕
2133101,E_Daily,2033100,30,10633101,27,25,1;3,1,1,0,群星跃迁之时·新月
2133102,E_Daily,2033100,30,10633102,27,25,1;3,1,1,0,群星跃迁之时·娥眉月
2133103,E_Daily,2033100,30,10633103,27,25,1;4,1,1,0,群星跃迁之时·上弦月
2133104,E_Daily,2033100,30,10633104,27,25,1;4,1,1,0,群星跃迁之时·九夜月
2133105,E_Daily,2033100,30,10633105,27,25,1;5,1,1,0,群星跃迁之时·满月
2133106,E_Daily,2033100,30,10633106,27,25,2;5,1,1,0,群星跃迁之时·既望月
2133107,E_Daily,2033100,30,10633107,27,25,2;6,1,1,0,群星跃迁之时·下弦月
2133108,E_Daily,2033100,30,10633108,27,25,2;6,1,1,0,群星跃迁之时·残月
2133109,E_Daily,2033100,30,10633109,27,25,2;6,1,1,0,群星跃迁之时·晦月
2133110,E_Daily,2033100,30,10633110,27,25,3;6,1,1,0,群星跃迁之时·血月
2133201,E_Daily,2033200,30,10633201,27,25,1;3,1,1,0,白夜崩解·新月
2133202,E_Daily,2033200,30,10633202,27,25,1;3,1,1,0,白夜崩解·娥眉月
2133203,E_Daily,2033200,30,10633203,27,25,1;4,1,1,0,白夜崩解·上弦月
2133204,E_Daily,2033200,30,10633204,27,25,1;4,1,1,0,白夜崩解·九夜月
2133205,E_Daily,2033200,30,10633205,27,25,1;5,1,1,0,白夜崩解·满月
2133206,E_Daily,2033200,30,10633206,27,25,2;5,1,1,0,白夜崩解·既望月
2133207,E_Daily,2033200,30,10633207,27,25,2;6,1,1,0,白夜崩解·下弦月
2133208,E_Daily,2033200,30,10633208,27,25,2;6,1,1,0,白夜崩解·残月
2133209,E_Daily,2033200,30,10633209,27,25,2;6,1,1,0,白夜崩解·晦月
2133210,E_Daily,2033200,30,10633210,27,25,3;6,1,1,0,白夜崩解·血月
2133301,E_Daily,2033300,30,10633301,27,25,1;3,1,1,0,寂灭之墟·新月
2133302,E_Daily,2033300,30,10633302,27,25,1;3,1,1,0,寂灭之墟·娥眉月
2133303,E_Daily,2033300,30,10633303,27,25,1;4,1,1,0,寂灭之墟·上弦月
2133304,E_Daily,2033300,30,10633304,27,25,1;4,1,1,0,寂灭之墟·九夜月
2133305,E_Daily,2033300,30,10633305,27,25,1;5,1,1,0,寂灭之墟·满月
2133306,E_Daily,2033300,30,10633306,27,25,2;5,1,1,0,寂灭之墟·既望月
2133307,E_Daily,2033300,30,10633307,27,25,2;6,1,1,0,寂灭之墟·下弦月
2133308,E_Daily,2033300,30,10633308,27,25,2;6,1,1,0,寂灭之墟·残月
2133309,E_Daily,2033300,30,10633309,27,25,2;6,1,1,0,寂灭之墟·晦月
2133310,E_Daily,2033300,30,10633310,27,25,3;6,1,1,0,寂灭之墟·血月
2133401,E_Daily,2033400,30,10633401,27,25,1;3,1,1,0,饕餮盛宴·新月
2133402,E_Daily,2033400,30,10633402,27,25,1;3,1,1,0,饕餮盛宴·娥眉月
2133403,E_Daily,2033400,30,10633403,27,25,1;4,1,1,0,饕餮盛宴·上弦月
2133404,E_Daily,2033400,30,10633404,27,25,1;4,1,1,0,饕餮盛宴·九夜月
2133405,E_Daily,2033400,30,10633405,27,25,1;5,1,1,0,饕餮盛宴·满月
2133406,E_Daily,2033400,30,10633406,27,25,2;5,1,1,0,饕餮盛宴·既望月
2133407,E_Daily,2033400,30,10633407,27,25,2;6,1,1,0,饕餮盛宴·下弦月
2133408,E_Daily,2033400,30,10633408,27,25,2;6,1,1,0,饕餮盛宴·残月
2133409,E_Daily,2033400,30,10633409,27,25,2;6,1,1,0,饕餮盛宴·晦月
2133410,E_Daily,2033400,30,10633410,27,25,3;6,1,1,0,饕餮盛宴·血月
2133501,E_Daily,2033500,30,10633501,27,25,1;3,1,1,0,黑暗金字塔·新月
2133502,E_Daily,2033500,30,10633502,27,25,1;3,1,1,0,黑暗金字塔·娥眉月
2133503,E_Daily,2033500,30,10633503,27,25,1;4,1,1,0,黑暗金字塔·上弦月
2133504,E_Daily,2033500,30,10633504,27,25,1;4,1,1,0,黑暗金字塔·九夜月
2133505,E_Daily,2033500,30,10633505,27,25,1;5,1,1,0,黑暗金字塔·满月
2133506,E_Daily,2033500,30,10633506,27,25,2;5,1,1,0,黑暗金字塔·既望月
2133507,E_Daily,2033500,30,10633507,27,25,2;6,1,1,0,黑暗金字塔·下弦月
2133508,E_Daily,2033500,30,10633508,27,25,2;6,1,1,0,黑暗金字塔·残月
2133509,E_Daily,2033500,30,10633509,27,25,2;6,1,1,0,黑暗金字塔·晦月
2133510,E_Daily,2033500,30,10633510,27,25,3;6,1,1,0,黑暗金字塔·血月
2133601,E_Daily,2033600,30,10633601,27,25,1;3,1,1,0,火剑之路·新月
2133602,E_Daily,2033600,30,10633602,27,25,1;3,1,1,0,火剑之路·娥眉月
2133603,E_Daily,2033600,30,10633603,27,25,1;4,1,1,0,火剑之路·上弦月
2133604,E_Daily,2033600,30,10633604,27,25,1;4,1,1,0,火剑之路·九夜月
2133605,E_Daily,2033600,30,10633605,27,25,1;5,1,1,0,火剑之路·满月
2133606,E_Daily,2033600,30,10633606,27,25,2;5,1,1,0,火剑之路·既望月
2133607,E_Daily,2033600,30,10633607,27,25,2;6,1,1,0,火剑之路·下弦月
2133608,E_Daily,2033600,30,10633608,27,25,2;6,1,1,0,火剑之路·残月
2133609,E_Daily,2033600,30,10633609,27,25,2;6,1,1,0,火剑之路·晦月
2133610,E_Daily,2033600,30,10633610,27,25,3;6,1,1,0,火剑之路·血月
2133701,E_Daily,2033700,30,10633701,27,25,1;3,1,1,0,云中电玩城·新月
2133702,E_Daily,2033700,30,10633702,27,25,1;3,1,1,0,云中电玩城·娥眉月
2133703,E_Daily,2033700,30,10633703,27,25,1;4,1,1,0,云中电玩城·上弦月
2133704,E_Daily,2033700,30,10633704,27,25,1;4,1,1,0,云中电玩城·九夜月
2133705,E_Daily,2033700,30,10633705,27,25,1;5,1,1,0,云中电玩城·满月
2133706,E_Daily,2033700,30,10633706,27,25,2;5,1,1,0,云中电玩城·既望月
2133707,E_Daily,2033700,30,10633707,27,25,2;6,1,1,0,云中电玩城·下弦月
2133708,E_Daily,2033700,30,10633708,27,25,2;6,1,1,0,云中电玩城·残月
2133709,E_Daily,2033700,30,10633709,27,25,2;6,1,1,0,云中电玩城·晦月
2133710,E_Daily,2033700,30,10633710,27,25,3;6,1,1,0,云中电玩城·血月
2133801,E_Daily,2033800,30,10633801,27,25,1;3,1,1,0,四神学院·新月
2133802,E_Daily,2033800,30,10633802,27,25,1;3,1,1,0,四神学院·娥眉月
2133803,E_Daily,2033800,30,10633803,27,25,1;4,1,1,0,四神学院·上弦月
2133804,E_Daily,2033800,30,10633804,27,25,1;4,1,1,0,四神学院·九夜月
2133805,E_Daily,2033800,30,10633805,27,25,1;5,1,1,0,四神学院·满月
2133806,E_Daily,2033800,30,10633806,27,25,2;5,1,1,0,四神学院·既望月
2133807,E_Daily,2033800,30,10633807,27,25,2;6,1,1,0,四神学院·下弦月
2133808,E_Daily,2033800,30,10633808,27,25,2;6,1,1,0,四神学院·残月
2133809,E_Daily,2033800,30,10633809,27,25,2;6,1,1,0,四神学院·晦月
2133810,E_Daily,2033800,30,10633810,27,25,3;6,1,1,0,四神学院·血月
2133901,E_Daily,2033900,30,10633901,27,25,1;3,1,1,0,愚人船·新月
2133902,E_Daily,2033900,30,10633902,27,25,1;3,1,1,0,愚人船·娥眉月
2133903,E_Daily,2033900,30,10633903,27,25,1;4,1,1,0,愚人船·上弦月
2133904,E_Daily,2033900,30,10633904,27,25,1;4,1,1,0,愚人船·九夜月
2133905,E_Daily,2033900,30,10633905,27,25,1;5,1,1,0,愚人船·满月
2133906,E_Daily,2033900,30,10633906,27,25,2;5,1,1,0,愚人船·既望月
2133907,E_Daily,2033900,30,10633907,27,25,2;6,1,1,0,愚人船·下弦月
2133908,E_Daily,2033900,30,10633908,27,25,2;6,1,1,0,愚人船·残月
2133909,E_Daily,2033900,30,10633909,27,25,2;6,1,1,0,愚人船·晦月
2133910,E_Daily,2033900,30,10633910,27,25,3;6,1,1,0,愚人船·血月
2134101,E_Daily,2034100,30,10633901,27,25,1;3,1,1,0,月之暗面·新月
2134102,E_Daily,2034100,30,10633902,27,25,1;3,1,1,0,月之暗面·娥眉月
2134103,E_Daily,2034100,30,10633903,27,25,2;4,1,1,0,月之暗面·上弦月
2134104,E_Daily,2034100,30,10633904,27,25,2;4,1,1,0,月之暗面·九夜月
2134105,E_Daily,2034100,30,10633905,27,25,2;5,1,1,0,月之暗面·满月
2134106,E_Daily,2034100,30,10633906,27,25,3;5,1,1,0,月之暗面·既望月
2134107,E_Daily,2034100,30,10633907,27,25,3;6,1,1,0,月之暗面·下弦月
2134108,E_Daily,2034100,30,10633908,27,25,3;6,1,1,0,月之暗面·残月
2134109,E_Daily,2034100,30,10633909,27,25,3;6,1,1,0,月之暗面·晦月
2134110,E_Daily,2034100,30,10633910,27,25,3;6,1,1,0,月之暗面·血月
2139500,E_Daily,2039900,9,,0,0,,0,0,0,测试关卡
2139600,E_Daily,2039900,,,0,0,,0,0,0,测试关卡
2139700,E_Daily,2039900,9,,0,0,,0,0,0,测试关卡
2139701,E_Monopoly,2060700,,10660212,0,3,,0,1,0,冬夜-炼成复刻
2139702,E_Monopoly,2060700,,10630402,0,3,,0,1,0,冬夜-时之痕
2139703,E_Monopoly,2060700,,10630101,5,4,,0,1,0,冬夜-藏宝秘境
2139751,E_Monopoly,2060700,,10610001,0,3,,0,2,0,冬夜残响
2139800,E_Daily,2039900,9,,0,0,,0,0,0,测试关卡
2139900,E_Daily,2039900,9,,0,0,,0,0,0,测试关卡
2140101,E_WorldBoss,2040101,,10630800,0,0,,0,0,0,狮鹫
2140102,E_WorldBoss,2040102,,10630810,0,0,,0,0,0,月蚀兽
2140103,E_WorldBoss,2040103,,10630820,0,0,,0,0,0,月蚀兽
2140104,E_WorldBoss,2040104,,10630820,0,0,,0,0,0,狮鹫
2140105,E_WorldBoss,2040105,,10630820,0,0,,0,0,0,月蚀兽
2140106,E_WorldBoss,2040106,,10630820,0,0,,0,0,0,月蚀兽
2140107,E_WorldBoss,2040107,,10630820,0,0,,0,0,0,月蚀兽
2140108,E_WorldBoss,2040108,,10630820,0,0,,0,0,0,年兽
2140201,E_WorldBoss,2040201,,10630900,0,0,,0,0,0,#N/A
2140202,E_WorldBoss,2040202,,10630910,0,0,,0,0,0,#N/A
2140203,E_WorldBoss,2040203,,10630920,0,0,,0,0,0,#N/A
2160101,E_ActivityWave,2060100,12,10660101,0,3,,1,2,0,影迹寻踪
2160102,E_ActivityWave,2060100,24,10660102,0,3,,1,2,0,影迹谜局
2160103,E_ActivityBoss,2060100,36,10660103,0,3,,1,2,0,狐影明灭
2160104,E_ActivityBoss,2060100,48,10660104,0,3,,1,2,0,狐影乍现
2160105,E_ActivityBoss,2060100,72,10660105,0,3,,1,2,0,狐影终局
2160111,E_ActivityWave,2060110,18,10660101,0,3,,1,2,0,影迹寻踪
2160112,E_ActivityWave,2060110,18,10660102,0,3,,1,2,0,影迹谜局
2160113,E_ActivityBoss,2060110,24,10660103,0,3,,1,2,0,狐影明灭
2160114,E_ActivityBoss,2060110,24,10660104,0,3,,1,2,0,狐影乍现
2160115,E_ActivityBoss,2060110,30,10660105,0,3,,1,1,0,狐影终局
2160211,E_ShuangHanStory,2060210,18,10660211,0,3,,1,1,0,四神学院入口
2160212,E_ShuangHanStory,2060210,18,10660212,0,3,,1,1,0,狴里
2160213,E_ShuangHanStory,2060210,18,10660213,0,3,,1,1,0,机关笼槛
2160214,E_ShuangHanBattle,2060210,18,10660214,0,3,,0,2,0,四神学院入口
2160215,E_ShuangHanBattle,2060210,18,10660215,0,3,,0,2,0,狴里
2160216,E_ShuangHanBattle,2060210,18,10660216,0,3,,0,2,0,机关笼槛
2160221,E_ShuangHanStory,2060220,24,10660221,0,3,,1,1,0,歇园
2160222,E_ShuangHanStory,2060220,24,10660222,0,3,,1,1,0,天书之里
2160223,E_ShuangHanBattle,2060220,24,10660223,0,3,,0,2,0,歇园
2160224,E_ShuangHanBattle,2060220,24,10660224,0,3,,0,2,0,天书之里
2160231,E_ShuangHanStory,2060230,30,10660231,0,3,,2,1,0,长廊
2160232,E_ShuangHanBattle,2060230,30,10660232,0,3,,0,2,0,长廊
2160241,E_ShuangHanStory,2060240,36,10660241,0,3,,2,1,0,万物初始之庭
2160242,E_ShuangHanBattle,2060240,36,10660242,0,3,,0,1,0,万物初始之庭
2160250,E_ShuangHanBattle,2060251,18,10660214,0,3,,0,2,0,四神学院入口
2160251,E_ShuangHanStory,2060250,18,10660211,0,3,,1,1,0,四神学院入口
2160252,E_ShuangHanStory,2060250,18,10660212,0,3,,1,1,0,狴里
2160253,E_ShuangHanStory,2060250,18,10660213,0,3,,1,1,0,机关笼槛
2160254,E_ShuangHanBattle,2060250,18,10660214,0,3,,0,2,0,四神学院入口
2160255,E_ShuangHanBattle,2060250,18,10660215,0,3,,0,2,0,狴里
2160256,E_ShuangHanBattle,2060250,18,10660216,0,3,,0,2,0,机关笼槛
2160257,E_ShuangHanStory,2060251,18,10660211,0,3,,1,1,0,四神学院入口
2160258,E_ShuangHanStory,2060251,18,10660212,0,3,,1,1,0,狴里
2160259,E_ShuangHanStory,2060251,18,10660213,0,3,,1,1,0,机关笼槛
2160260,E_ShuangHanBattle,2060251,18,10660215,0,3,,0,2,0,狴里
2160261,E_ShuangHanStory,2060260,24,10660221,0,3,,1,1,0,歇园
2160262,E_ShuangHanStory,2060260,24,10660222,0,3,,1,1,0,天书之里
2160263,E_ShuangHanBattle,2060260,24,10660223,0,3,,0,2,0,歇园
2160264,E_ShuangHanBattle,2060260,24,10660224,0,3,,0,2,0,天书之里
2160265,E_ShuangHanStory,2060261,24,10660221,0,3,,1,1,0,歇园
2160266,E_ShuangHanStory,2060261,24,10660222,0,3,,1,1,0,天书之里
2160267,E_ShuangHanBattle,2060261,24,10660223,0,3,,0,2,0,歇园
2160268,E_ShuangHanBattle,2060261,24,10660224,0,3,,0,2,0,天书之里
2160270,E_ShuangHanBattle,2060251,18,10660216,0,3,,0,2,0,机关笼槛
2160271,E_ShuangHanStory,2060270,30,10660231,0,3,,2,1,0,长廊
2160272,E_ShuangHanBattle,2060270,30,10660232,0,3,,0,2,0,长廊
2160273,E_ShuangHanStory,2060271,30,10660231,0,3,,2,1,0,长廊
2160274,E_ShuangHanBattle,2060271,30,10660232,0,3,,0,2,0,长廊
2160281,E_ShuangHanStory,2060280,36,10660241,0,3,,2,1,0,万物初始之庭
2160282,E_ShuangHanBattle,2060280,36,10660242,0,3,,0,1,0,万物初始之庭
2160283,E_ShuangHanStory,2060281,36,10660241,0,3,,2,1,0,万物初始之庭
2160284,E_ShuangHanBattle,2060281,36,10660242,0,3,,0,1,0,万物初始之庭
2160301,E_StoryExperience,2160300,6,10610701,0,20,,3,1,0,奇点·霸下之里
2160302,E_StoryExperience,2160300,6,10610702,0,20,,3,1,0,奇点·囚牛之里
2160303,E_StoryExperience,2160300,6,10610703,0,20,,3,1,0,奇点·青丘之里
2160304,E_StoryExperience,2160300,6,10610704,0,20,,2,1,0,奇点·蒲牢之里
2160305,E_StoryExperience,2160300,6,10610705,0,20,,2,1,0,奇点·睚眦之里
2160307,E_StoryExperience,2160300,6,10610707,0,20,,2,1,0,奇点·幻变之里
2160308,E_StoryExperience,2160300,6,10610708,0,20,,2,1,0,奇点·万物初始之庭
2160309,E_StoryExperience,2160300,6,10610709,27,25,,8,1,0,现世奇点·四神学院
2160400,E_ActivityGamePlay1,2060400,,10600000,0,1,,1,0,0,年兽盛宴
2160401,E_ActivityGamePlay2,2060401,6,10660401,1,25,,0,1,0,美食幻境·绝味
2160402,E_ActivityGamePlay2,2060401,6,10660401,1,25,,0,1,0,美食幻境·珍馐
2160403,E_ActivityGamePlay2,2060401,6,10660401,1,25,,0,1,0,美食幻境·美馔
2160404,E_ActivityGamePlay2,2060401,6,10660401,1,25,,0,1,0,美食幻境·绮馔
2160411,E_ActivityStory,2060410,18,10660211,0,3,,2,1,0,牌过三巡
2160412,E_ActivityBattle,2060410,18,10660212,0,3,,0,5,0,牌过三巡
2160421,E_ActivityStory,2060420,18,10660211,0,3,,2,1,0,谁在出千
2160422,E_ActivityBattle,2060420,18,10660212,0,3,,0,6,0,谁在出千
2160431,E_ActivityStory,2060430,24,10660211,0,3,,1,1,0,睡醒的年
2160432,E_ActivityBattle,2060430,24,10660212,0,3,,0,7,0,睡醒的年
2160441,E_ActivityStory,2060440,24,10660211,0,3,,1,1,0,生财有道
2160442,E_ActivityBattle,2060440,24,10660212,0,3,,0,7,0,生财有道
2160451,E_ActivityStory,2060450,30,10660211,0,3,,1,1,0,训年有术
2160452,E_ActivityBattle,2060450,30,10660212,0,3,,0,7,0,训年有术
2160491,E_Daily,2039900,30,,0,25,,0,1,0,#N/A
2160511,E_ActivityStory,2060510,12,10660211,0,4,,2,1,0,虚拟里世界
2160512,E_ActivityBattle,2060510,12,10660212,0,4,,0,2,0,虚拟里世界
2160513,E_ActivityStory,2060511,12,10660211,0,4,,2,1,0,虚拟里世界
2160514,E_ActivityBattle,2060511,12,10660212,0,4,,0,2,0,虚拟里世界
2160521,E_ActivityStory,2060520,18,10660211,0,4,,1,1,0,特殊数据核
2160522,E_ActivityBattle,2060520,18,10660212,0,4,,0,2,0,特殊数据核
2160523,E_ActivityStory,2060521,18,10660211,0,4,,1,1,0,特殊数据核
2160524,E_ActivityBattle,2060521,18,10660212,0,4,,0,2,0,特殊数据核
2160531,E_ActivityStory,2060530,24,10660211,0,4,,1,1,0,片段记录
2160532,E_ActivityBattle,2060530,24,10660212,0,4,,0,2,0,片段记录
2160533,E_ActivityStory,2060531,24,10660211,0,4,,1,1,0,片段记录
2160534,E_ActivityBattle,2060531,24,10660212,0,4,,0,2,0,片段记录
2160541,E_ActivityStory,2060540,30,10660541,1,4,,1,1,0,虚实问答
2160542,E_ActivityBattle,2060540,30,10660212,0,4,,0,2,0,虚实问答
2160543,E_ActivityStory,2060541,30,10660541,1,4,,1,1,0,虚实问答
2160544,E_ActivityBattle,2060541,30,10660212,0,4,,0,2,0,虚实问答
2160551,E_ActivityStory,2060550,30,10660211,0,4,,1,1,0,暗潮重塑
2160552,E_ActivityBattle,2060550,30,10660212,0,4,,0,1,0,暗潮重塑
2160553,E_ActivityStory,2060551,30,10660211,0,4,,1,1,0,暗潮重塑
2160554,E_ActivityBattle,2060551,30,10660212,0,4,,0,1,0,暗潮重塑
2160561,E_TowerDefense,2060500,,10660211,0,25,,2,0,0,底层防护·迭代一
2160562,E_TowerDefense,2060500,,10660211,0,25,,2,0,0,底层防护·迭代二
2160563,E_TowerDefense,2060500,,10660211,0,25,,1,0,0,底层防护·迭代三
2160564,E_TowerDefense,2060500,,10660211,0,25,,1,0,0,底层防护·迭代四
2160565,E_TowerDefense,2060500,,10660211,0,25,,1,0,0,底层防护·迭代五
2160566,E_TowerDefense,2060500,,10660211,0,25,,1,0,0,底层防护·迭代六
2160567,E_TowerDefense,2060500,,10660211,0,25,,1,0,0,底层防护·迭代七
2160568,E_TowerDefense,2060500,,10660211,0,25,,1,0,0,底层防护·迭代八
2160569,E_TowerDefense,2060500,,10660211,0,25,,1,0,0,底层防护·迭代九
2160570,E_TowerDefense,2060500,,10660211,0,25,,1,0,0,底层防护·迭代十
2160571,E_TowerDefense,2060500,,10660211,0,25,,1,0,0,底层防护·迭代十一
2160572,E_TowerDefense,2060500,,10660211,0,25,,1,0,0,底层防护·迭代十二
2160573,E_TowerDefense,2060500,,10660211,0,25,,1,0,0,底层防护·迭代十三
2160574,E_TowerDefense,2060500,,10660211,0,25,,1,0,0,底层防护·迭代十四
2160575,E_TowerDefense,2060500,,10660211,0,25,,1,0,0,底层防护·迭代十五
2160576,E_TowerDefense,2060500,,10660211,0,25,,1,0,0,底层防护·迭代十六
2160577,E_TowerDefense,2060500,,10660211,0,25,,1,0,0,底层防护·迭代十七
2160578,E_TowerDefense,2060500,,10660211,0,25,,1,0,0,底层防护·迭代十八
2160579,E_TowerDefense,2060500,,10660211,0,25,,1,0,0,底层防护·迭代十九
2160580,E_TowerDefense,2060500,,10660211,0,25,,1,0,0,底层防护·迭代二十
2160581,E_TowerDefense,2060500,,10660211,0,25,,1,0,0,底层防护·迭代二十一
2160582,E_TowerDefense,2060500,,10660211,0,25,,1,0,0,底层防护·迭代二十二
2160583,E_TowerDefense,2060500,,10660211,0,25,,1,0,0,底层防护·迭代二十三
2160584,E_TowerDefense,2060500,,10660211,0,25,,1,0,0,底层防护·迭代二十四
2160601,E_StoryExperience,2160600,6,10610901,0,20,,2,1,0,奇点·提线魔偶
2160602,E_StoryExperience,2160600,6,10610902,0,20,,2,1,0,奇点·柴郡猫
2160603,E_StoryExperience,2160600,6,10610903,0,20,,2,1,0,奇点·疯帽子
2160604,E_StoryExperience,2160600,6,10610904,0,20,,2,1,0,奇点·怒火小丑
2160605,E_StoryExperience,2160600,6,10610905,0,20,,2,1,0,奇点·红皇后
2160606,E_StoryExperience,2160600,6,10610906,0,20,,2,1,0,奇点·兔子洞
2160607,E_StoryExperience,2160600,6,10610907,0,20,,2,1,0,奇点·双胞胎
2160608,E_StoryExperience,2160600,6,10610908,0,20,,2,1,0,奇点·白皇后
2160609,E_StoryExperience,2160600,6,10610909,0,20,,2,1,0,奇点·一切疯狂的中心
2160610,E_StoryExperience,2160600,6,10610909,0,20,,8,1,0,现世奇点·四神学院
2160621,E_TowerDefense,2060501,,10660211,0,25,,2,0,0,底层防护·迭代一
2160622,E_TowerDefense,2060501,,10660211,0,25,,2,0,0,底层防护·迭代二
2160623,E_TowerDefense,2060501,,10660211,0,25,,1,0,0,底层防护·迭代三
2160624,E_TowerDefense,2060501,,10660211,0,25,,1,0,0,底层防护·迭代四
2160625,E_TowerDefense,2060501,,10660211,0,25,,1,0,0,底层防护·迭代五
2160626,E_TowerDefense,2060501,,10660211,0,25,,1,0,0,底层防护·迭代六
2160627,E_TowerDefense,2060501,,10660211,0,25,,1,0,0,底层防护·迭代七
2160628,E_TowerDefense,2060501,,10660211,0,25,,1,0,0,底层防护·迭代八
2160629,E_TowerDefense,2060501,,10660211,0,25,,1,0,0,底层防护·迭代九
2160630,E_TowerDefense,2060501,,10660211,0,25,,1,0,0,底层防护·迭代十
2160631,E_TowerDefense,2060501,,10660211,0,25,,1,0,0,底层防护·迭代十一
2160632,E_TowerDefense,2060501,,10660211,0,25,,1,0,0,底层防护·迭代十二
2160633,E_TowerDefense,2060501,,10660211,0,25,,1,0,0,底层防护·迭代十三
2160634,E_TowerDefense,2060501,,10660211,0,25,,1,0,0,底层防护·迭代十四
2160635,E_TowerDefense,2060501,,10660211,0,25,,1,0,0,底层防护·迭代十五
2160636,E_TowerDefense,2060501,,10660211,0,25,,1,0,0,底层防护·迭代十六
2160637,E_TowerDefense,2060501,,10660211,0,25,,1,0,0,底层防护·迭代十七
2160638,E_TowerDefense,2060501,,10660211,0,25,,1,0,0,底层防护·迭代十八
2160639,E_TowerDefense,2060501,,10660211,0,25,,1,0,0,底层防护·迭代十九
2160640,E_TowerDefense,2060501,,10660211,0,25,,1,0,0,底层防护·迭代二十
2160641,E_TowerDefense,2060501,,10660211,0,25,,1,0,0,底层防护·迭代二十一
2160642,E_TowerDefense,2060501,,10660211,0,25,,1,0,0,底层防护·迭代二十二
2160643,E_TowerDefense,2060501,,10660211,0,25,,1,0,0,底层防护·迭代二十三
2160644,E_TowerDefense,2060501,,10660211,0,25,,1,0,0,底层防护·迭代二十四
2160701,E_NewBloodMoon,2060700,,10600000,0,8,,0,0,0,群星跃迁之时·血月
2160811,E_ActivityStory,2060810,12,10660211,0,25,,1,1,0,错乱的传说
2160812,E_ActivityBattle,2060810,12,10660212,0,25,,0,2,0,错乱的传说
2160813,E_ActivityStory,2060811,12,10660211,0,25,,1,1,0,错乱的传说
2160814,E_ActivityBattle,2060811,12,10660212,0,25,,0,2,0,错乱的传说
2160821,E_ActivityStory,2060820,18,10660211,0,25,,1,1,0,地下都邑
2160822,E_ActivityBattle,2060820,18,10660212,0,25,,0,2,0,地下都邑
2160823,E_ActivityStory,2060821,18,10660211,0,25,,1,1,0,地下都邑
2160824,E_ActivityBattle,2060821,18,10660212,0,25,,0,2,0,地下都邑
2160831,E_ActivityStory,2060830,24,10660211,0,25,,1,1,0,虚妄长街
2160832,E_ActivityBattle,2060830,24,10660212,0,25,,0,2,0,虚妄长街
2160833,E_ActivityStory,2060831,24,10660211,0,25,,1,1,0,虚妄长街
2160834,E_ActivityBattle,2060831,24,10660212,0,25,,0,2,0,虚妄长街
2160841,E_ActivityStory,2060840,30,10660541,0,25,,1,1,0,敌影
2160842,E_ActivityBattle,2060840,30,10660212,0,25,,0,2,0,敌影
2160843,E_ActivityStory,2060841,30,10660541,0,25,,1,1,0,敌影
2160844,E_ActivityBattle,2060841,30,10660212,0,25,,0,2,0,敌影
2160851,E_ActivityStory,2060850,36,10660211,0,25,,1,1,0,重睹天日
2160852,E_ActivityBattle,2060850,36,10660212,0,25,,0,2,0,重睹天日
2160853,E_ActivityStory,2060851,36,10660211,0,25,,1,1,0,重睹天日
2160854,E_ActivityBattle,2060851,36,10660212,0,25,,0,2,0,重睹天日
2160861,E_ActivityStory,2060860,,10660211,0,25,,1,0,0,神降之地
2160862,E_ActivityStory,2060861,,10660211,0,25,,1,0,0,神降之地
2160871,E_ActivityStory,2060870,36,10660871,1,26,,1,1,0,故国双灵
2160872,E_ActivityBattle,2060870,36,10660871,1,26,,0,2,0,故国双灵
2160873,E_ActivityStory,2060871,36,10660871,1,26,,1,1,0,故国双灵
2160874,E_ActivityBattle,2060871,36,10660871,1,26,,0,2,0,故国双灵
2160900,E_ActivityGamePlay1,2060990,,10660211,0,25,,1,1,0,极限碰撞
2160911,E_ActivityStory,2060910,12,10660211,0,25,,1,1,0,神秘海域
2160912,E_ActivityBattle,2060910,12,10660212,0,25,,0,5,0,神秘海域
2160913,E_TowerDefense,2060911,,10660211,0,25,,1,0,0,激流勇进
2160914,E_TowerDefense,2060911,,10660211,0,25,,1,0,0,激流勇进
2160915,E_TowerDefense,2060911,,10660211,0,25,,1,0,0,激流勇进
2160921,E_ActivityStory,2060920,12,10660211,0,25,,1,1,0,故人之船
2160922,E_ActivityBattle,2060920,12,10660212,0,25,,0,5,0,故人之船
2160923,E_TowerDefense,2060921,,10660211,0,25,,1,0,0,沼泽爆诞
2160924,E_TowerDefense,2060921,,10660211,0,25,,1,0,0,沼泽爆诞
2160925,E_TowerDefense,2060921,,10660211,0,25,,1,0,0,沼泽爆诞
2160931,E_ActivityStory,2060930,18,10660211,0,25,,1,1,0,镜面
2160932,E_ActivityBattle,2060930,18,10660212,0,25,,0,6,0,镜面
2160933,E_TowerDefense,2060931,,10660211,0,25,,1,0,0,云霄快车
2160934,E_TowerDefense,2060931,,10660211,0,25,,1,0,0,云霄快车
2160935,E_TowerDefense,2060931,,10660211,0,25,,1,0,0,云霄快车
2160941,E_ActivityStory,2060940,18,10660541,0,25,,1,1,0,强制公演
2160942,E_ActivityBattle,2060940,18,10660212,0,25,,0,5,0,强制公演
2160943,E_TowerDefense,2060941,,10660211,0,25,,1,0,0,冲天海盗船
2160944,E_TowerDefense,2060941,,10660211,0,25,,1,0,0,冲天海盗船
2160945,E_TowerDefense,2060941,,10660211,0,25,,1,0,0,冲天海盗船
2160951,E_ActivityStory,2060950,24,10660211,0,25,,1,1,0,剧目
2160952,E_ActivityBattle,2060950,24,10660212,0,25,,0,6,0,剧目
2160953,E_TowerDefense,2060951,,10660211,0,25,,1,0,0,死亡歌剧院
2160954,E_TowerDefense,2060951,,10660211,0,25,,1,0,0,死亡歌剧院
2160955,E_TowerDefense,2060951,,10660211,0,25,,1,0,0,死亡歌剧院
2160961,E_ActivityStory,2060960,24,10660211,0,25,,1,1,0,坠落
2160962,E_ActivityBattle,2060960,24,10660212,0,25,,0,6,0,坠落
2160963,E_TowerDefense,2060961,,10660211,0,25,,1,0,0,失乐园
2160971,E_ActivityStory,2060970,30,10660211,0,25,,1,1,0,沉渊
2160972,E_ActivityBattle,2060970,30,10660212,0,25,,0,6,0,沉渊
2160981,E_ActivityStory,2060980,30,10660211,0,25,,1,1,0,异响
2160982,E_ActivityBattle,2060980,30,10660212,0,25,,0,2,0,异响
2161001,E_ActivityStory,2060710,30,10660212,0,25,,1,1,0,呼救盲声
2161002,E_ActivityStory,2060710,30,10660212,0,25,,1,1,0,向死之地
2161003,E_ActivityStory,2060710,30,10660212,0,25,,1,1,0,旧友倒影
2161004,E_ActivityStory,2060710,30,10660212,0,25,,1,1,0,群踪匿名
2161005,E_ActivityStory,2060710,30,10660212,0,25,,1,1,0,无人之窟
2161006,E_ActivityStory,2060710,30,10660212,0,25,,1,1,0,夜之将蚀
2161007,E_ActivityStory,2060710,30,10660212,0,25,,1,2,0,默听残火
2161011,E_ActivityStory,2060720,30,10660212,0,25,,1,1,0,生死执念
2161012,E_ActivityStory,2060721,30,10660212,0,25,,1,1,0,食粮补充
2161013,E_ActivityStory,2060722,30,10660212,0,25,,1,1,0,暗涌噤声
2161014,E_ActivityStory,2060723,30,10660212,0,25,,1,1,0,以墓为牢
2161015,E_ActivityStory,2060724,30,10660212,0,25,,1,1,0,钥匙
2161016,E_ActivityStory,2060725,30,10660212,0,25,,1,1,0,越界
2161021,E_ActivityBattle,2060710,,10660402,10,25,,0,0,0,岛屿隐迹
2161022,E_ActivityBattle,2060710,,10660402,10,25,,0,0,0,岛屿神影
2161023,E_ActivityBattle,2060710,,10660402,8,25,,0,0,0,岛屿秘域
2161024,E_ActivityBattle,2060710,,10660402,9,25,,0,0,0,岛屿异境
2161031,E_ActivityStory,2060730,12,10660212,0,25,,0,2,0,惊心偶遇
2161032,E_ActivityStory,2060731,18,10660212,0,25,,0,2,0,陌路迎击
2161033,E_ActivityStory,2060732,24,10660212,0,25,,0,2,0,谬误终局
2161034,E_ActivityStory,2060733,30,10660212,0,25,,0,3,0,恨意灼烧
2161035,E_ActivityBattle,2060730,12,10660212,0,25,,0,2,0,惊心偶遇
2161036,E_ActivityBattle,2060731,18,10660212,0,25,,0,2,0,陌路迎击
2161037,E_ActivityBattle,2060732,24,10660212,0,25,,0,2,0,谬误终局
2161038,E_ActivityBattle,2060733,30,10660212,0,25,,0,3,0,恨意灼烧
2161040,E_ActivityStory,2060740,,10660402,1,25,,0,1,0,迷中海境
2161111,E_ActivityStory,2060751,12,10660211,0,3,,1,1,0,微风之启
2161112,E_ActivityStory,2060751,12,10660211,0,3,,1,1,0,流云之踪
2161113,E_ActivityStory,2060751,18,10660211,0,3,,1,1,0,两心一体
2161114,E_ActivityStory,2060751,18,10660211,0,3,,1,1,0,朱雀指路
2161115,E_ActivityStory,2060751,24,10660211,0,3,,1,1,0,隐秘之地
2161116,E_ActivityStory,2060751,24,10660211,0,3,,1,1,0,年的踪迹
2161117,E_ActivityStory,2060751,30,10660211,0,3,,1,1,0,逢年之夜
2161118,E_ActivityStory,2060751,30,10660211,0,3,,1,1,0,青龙的秘密
2161119,E_ActivityStory,2060751,30,10660211,0,3,,1,1,0,朱雀的心事
2161120,E_ActivityStory,2060751,30,10660211,0,3,,1,1,0,满堂新春
2161121,E_ActivityBattle,2060751,18,10660212,0,3,,0,5,0,流云之踪
2161122,E_ActivityBattle,2060751,24,10660212,0,3,,0,4,0,朱雀指路
2161123,E_ActivityBattle,2060751,24,10660212,0,3,,0,5,0,年的踪迹
2161124,E_ActivityBattle,2060751,30,10660212,0,3,,0,5,0,青龙的秘密
2161125,E_ActivityBattle,2060751,30,10660212,0,3,,0,5,0,满堂新春
2161190,E_ActivityGamePlay1,2060759,,10600000,0,1,,1,0,0,年兽盛宴
2161191,E_ActivityGamePlay2,2060760,6,10660401,1,25,,1,0,0,美食幻境·绝味
2161192,E_ActivityGamePlay2,2060760,6,10660401,1,25,,0,1,0,美食幻境·珍馐
2161193,E_ActivityGamePlay2,2060760,6,10660401,1,25,,0,1,0,美食幻境·绮馔
2161201,E_ActivityBattle,2060761,18,10660212,0,3,,0,5,0,牌过三巡
2161202,E_ActivityBattle,2060762,18,10660212,0,3,,0,5,0,牌过三巡
2161203,E_ActivityBattle,2060763,18,10660212,0,3,,0,5,0,牌过三巡
2161204,E_ActivityBattle,2060764,18,10660212,0,3,,0,5,0,牌过三巡
2161205,E_ActivityBattle,2060765,18,10660212,0,3,,0,5,0,牌过三巡
2161206,E_ActivityBattle,2060766,18,10660212,0,3,,0,5,0,牌过三巡
2161207,E_ActivityBattle,2060767,18,10660212,0,3,,0,5,0,牌过三巡
2161208,E_ActivityBattle,2060768,18,10660212,0,3,,0,5,0,牌过三巡
2161209,E_ActivityBattle,2060769,18,10660212,0,3,,0,5,0,牌过三巡
2161210,E_ActivityBattle,2060770,18,10660212,0,3,,0,5,0,牌过三巡
2161301,E_ActivityStory,2061010,30,10660212,0,25,,2,1,0,迷途
2161302,E_ActivityStory,2061011,30,10660212,0,25,,1,1,0,寻觅
2161303,E_ActivityStory,2061012,30,10660212,0,25,,1,1,0,交换
2161304,E_ActivityStory,2061013,30,10660212,0,25,,1,1,0,铃铛
2161305,E_ActivityStory,2061014,30,10660212,0,25,,1,1,0,约定
2161306,E_ActivityStory,2061015,30,10660212,0,25,,1,1,0,真名
2161307,E_ActivityStory,2061016,30,10660212,0,25,,1,1,0,谎言
2161308,E_ActivityStory,2061017,30,10660212,0,25,,1,1,0,傀儡
2161309,E_ActivityStory,2061018,30,10660212,0,25,,1,1,0,桎梏
2161310,E_ActivityStory,2061019,30,10660212,0,25,,2,1,0,日出之光·上
2161311,E_ActivityStory,2061020,30,10660212,0,25,,1,1,0,日出之光·下
2161321,E_ActivityStory,2061021,12,10660212,0,25,,1,1,0,迷途陷落
2161322,E_ActivityStory,2061022,18,10660212,0,25,,1,1,0,铃响之刻
2161323,E_ActivityStory,2061023,24,10660212,0,25,,1,1,0,八岐骨语
2161324,E_ActivityStory,2061024,30,10660212,0,25,,1,1,0,千引狂鸣
2161325,E_ActivityBattle,2061021,12,10660212,0,25,,0,2,0,迷途陷落
2161326,E_ActivityBattle,2061022,18,10660212,0,25,,0,2,0,铃响之刻
2161327,E_ActivityBattle,2061023,24,10660212,0,25,,0,2,0,八岐骨语
2161328,E_ActivityBattle,2061024,30,10660212,0,25,,0,2,0,千引狂鸣
2161331,E_ActivityStory,2061025,30,10660402,2,25,,0,2,0,碎骸秘地
2161332,E_ActivityStory,2061026,30,10660402,0,25,,0,2,0,琼岛危境
2170001,E_GuildChallenge,2070001,,,0,0,,0,0,0,#N/A
2170002,E_GuildChallenge,2070002,,,0,0,,0,0,0,#N/A
2170003,E_GuildChallenge,2070003,,,0,0,,0,0,0,#N/A
2170004,E_GuildChallenge,2070004,,,0,0,,0,0,0,#N/A
2170005,E_GuildChallenge,2070005,,,0,0,,0,0,0,#N/A
2170006,E_GuildChallenge,2070006,,,0,0,,0,0,0,#N/A
2170007,E_GuildChallenge,2070007,,,0,0,,0,0,0,#N/A
2170008,E_GuildChallenge,2070008,,,0,0,,0,0,0,#N/A
2170009,E_GuildChallenge,2070009,,,0,0,,0,0,0,#N/A
2170010,E_GuildChallenge,2070010,,,0,0,,0,0,0,#N/A
2170011,E_GuildChallenge,2070011,,,0,0,,0,0,0,#N/A
2170012,E_GuildChallenge,2070012,,,0,0,,0,0,0,#N/A
2170013,E_GuildChallenge,2070013,,,0,0,,0,0,0,#N/A
2170014,E_GuildChallenge,2070014,,,0,0,,0,0,0,#N/A
2170015,E_GuildChallenge,2070015,,,0,0,,0,0,0,#N/A
2170016,E_GuildChallenge,2070016,,,0,0,,0,0,0,#N/A
2170017,E_GuildChallenge,2070017,,,0,0,,0,0,0,#N/A
2170018,E_GuildChallenge,2070018,,,0,0,,0,0,0,#N/A
2170019,E_GuildChallenge,2070019,,,0,0,,0,0,0,#N/A
2170020,E_GuildChallenge,2070020,,,0,0,,0,0,0,#N/A
2170021,E_GuildChallenge,2070021,,,0,0,,0,0,0,#N/A
2170022,E_GuildChallenge,2070022,,,0,0,,0,0,0,#N/A
2170023,E_GuildChallenge,2070023,,,0,0,,0,0,0,#N/A
2170024,E_GuildChallenge,2070024,,,0,0,,0,0,0,#N/A
2170025,E_GuildChallenge,2070025,,,0,0,,0,0,0,#N/A
2170026,E_GuildChallenge,2070026,,,0,0,,0,0,0,#N/A
2170027,E_GuildChallenge,2070027,,,0,0,,0,0,0,#N/A
2170028,E_GuildChallenge,2070028,,,0,0,,0,0,0,#N/A
2170029,E_GuildChallenge,2070029,,,0,0,,0,0,0,#N/A
2170030,E_GuildChallenge,2070030,,,0,0,,0,0,0,#N/A
2170031,E_GuildChallenge,2070031,,,0,0,,0,0,0,#N/A
2170032,E_GuildChallenge,2070032,,,0,0,,0,0,0,#N/A
2170033,E_GuildChallenge,2070033,,,0,0,,0,0,0,#N/A
2170034,E_GuildChallenge,2070034,,,0,0,,0,0,0,#N/A
2170035,E_GuildChallenge,2070035,,,0,0,,0,0,0,#N/A
2170036,E_GuildChallenge,2070036,,,0,0,,0,0,0,#N/A
2170037,E_GuildChallenge,2070037,,,0,0,,0,0,0,#N/A
2170038,E_GuildChallenge,2070038,,,0,0,,0,0,0,#N/A
2170039,E_GuildChallenge,2070039,,,0,0,,0,0,0,#N/A
2170040,E_GuildChallenge,2070040,,,0,0,,0,0,0,#N/A
2170041,E_GuildChallenge,2070041,,,0,0,,0,0,0,#N/A
2170042,E_GuildChallenge,2070042,,,0,0,,0,0,0,#N/A
2170043,E_GuildChallenge,2070043,,,0,0,,0,0,0,#N/A
2170044,E_GuildChallenge,2070044,,,0,0,,0,0,0,#N/A
2170045,E_GuildChallenge,2070045,,,0,0,,0,0,0,#N/A
2170046,E_GuildChallenge,2070046,,,0,0,,0,0,0,#N/A
2170047,E_GuildChallenge,2070047,,,0,0,,0,0,0,#N/A
2170048,E_GuildChallenge,2070048,,,0,0,,0,0,0,#N/A
2170049,E_GuildChallenge,2070049,,,0,0,,0,0,0,#N/A
2170050,E_GuildChallenge,2070050,,,0,0,,0,0,0,#N/A
2170051,E_GuildChallenge,2070051,,,0,0,,0,0,0,#N/A
2170052,E_GuildChallenge,2070052,,,0,0,,0,0,0,#N/A
2180001,E_NewBloodMoon,2010100,,10633101,27,25,3;6,2,0,0,群星跃迁之时·血月
2180002,E_NewBloodMoon,2010200,,10633102,27,25,3;6,2,0,0,白夜崩解·血月
2180003,E_NewBloodMoon,2010300,,10633103,27,25,3;6,2,0,0,寂灭之墟·血月
2180004,E_NewBloodMoon,2010400,,10633104,27,25,3;6,2,0,0,饕餮盛宴·血月
2180005,E_NewBloodMoon,2010500,,10633105,27,25,3;6,2,0,0,黑暗金字塔·血月
2180006,E_NewBloodMoon,2010600,,10633106,27,25,3;6,2,0,0,火剑之路·血月
2180007,E_NewBloodMoon,2010700,,10633107,27,25,3;6,2,0,0,云中电玩城·血月
2180008,E_NewBloodMoon,2010800,,10633108,27,25,3;6,2,0,0,四神学院·血月
2180009,E_NewBloodMoon,2010900,,10633109,27,25,3;6,2,0,0,群星跃迁之时·血月
2181001,E_Memory,2032200,,,0,20,,1,0,0,记忆中的小丑
2181002,E_Memory,2032200,,,0,3,,1,0,0,记忆中的计都
2181003,E_Memory,2032200,,,0,3,,1,0,0,记忆中的饕餮
2181004,E_Memory,2032200,,,0,3,,1,0,0,记忆中的阿波菲斯
2181005,E_Memory,2032200,,,0,3,,1,0,0,记忆中的惩罚者
2181006,E_Memory,2032200,,,0,3,,1,0,0,记忆中的影狐
2181007,E_Memory,2032200,,,0,3,,1,0,0,记忆中的共工
2190001,E_Battlepass,2090001,30,10660990,96,5,3;4,0,2,0,蚀之裂隙 1 
2190003,E_Battlepass,2090001,30,10660990,96,5,3;4,0,2,0,蚀之裂隙 1 
2190004,E_Battlepass,2090001,30,10660990,96,5,3;4,0,2,0,蚀之裂隙 1 
2190005,E_Battlepass,2090001,30,10660990,96,5,3;4,0,2,0,蚀之裂隙 1 
2190006,E_Battlepass,2090001,30,10660990,96,5,3;4,0,2,0,蚀之裂隙 1 
2190007,E_Battlepass,2090001,30,10660990,96,5,3;4,0,2,0,蚀之裂隙 1 
2190011,E_Battlepass,2090002,30,10660990,96,5,3;4,0,2,0,蚀之裂隙 2
2190013,E_Battlepass,2090002,30,10660990,96,5,3;4,0,2,0,蚀之裂隙 2
2190014,E_Battlepass,2090002,30,10660990,96,5,3;4,0,2,0,蚀之裂隙 2
2190015,E_Battlepass,2090002,30,10660990,96,5,3;4,0,2,0,蚀之裂隙 2
2190016,E_Battlepass,2090002,30,10660990,96,5,3;4,0,2,0,蚀之裂隙 2
2190017,E_Battlepass,2090002,30,10660990,96,5,3;4,0,2,0,蚀之裂隙 2
2190021,E_Battlepass,2090003,30,10660990,96,5,3;4,0,2,0,蚀之裂隙 3
2190023,E_Battlepass,2090003,30,10660990,96,5,3;4,0,2,0,蚀之裂隙 3
2190024,E_Battlepass,2090003,30,10660990,96,5,3;4,0,2,0,蚀之裂隙 3
2190025,E_Battlepass,2090003,30,10660990,96,5,3;4,0,2,0,蚀之裂隙 3
2190026,E_Battlepass,2090003,30,10660990,96,5,3;4,0,2,0,蚀之裂隙 3
2190027,E_Battlepass,2090003,30,10660990,96,5,3;4,0,2,0,蚀之裂隙 3
2190031,E_Battlepass,2090004,30,10660990,96,5,3;4,0,2,0,蚀之裂隙 4
2190033,E_Battlepass,2090004,30,10660990,96,5,3;4,0,2,0,蚀之裂隙 4
2190034,E_Battlepass,2090004,30,10660990,96,5,3;4,0,2,0,蚀之裂隙 4
2190035,E_Battlepass,2090004,30,10660990,96,5,3;4,0,2,0,蚀之裂隙 4
2190036,E_Battlepass,2090004,30,10660990,96,5,3;4,0,2,0,蚀之裂隙 4
2190037,E_Battlepass,2090004,30,10660990,96,5,3;4,0,2,0,蚀之裂隙 4
2190041,E_Battlepass,2090005,30,10660990,96,5,3;4,0,2,0,蚀之裂隙 5
2190043,E_Battlepass,2090005,30,10660990,96,5,3;4,0,2,0,蚀之裂隙 5
2190044,E_Battlepass,2090005,30,10660990,96,5,3;4,0,2,0,蚀之裂隙 5
2190045,E_Battlepass,2090005,30,10660990,96,5,3;4,0,2,0,蚀之裂隙 5
2190046,E_Battlepass,2090005,30,10660990,96,5,3;4,0,2,0,蚀之裂隙 5
2190047,E_Battlepass,2090005,30,10660990,96,5,3;4,0,2,0,蚀之裂隙 5
2190051,E_Battlepass,2090006,30,10660990,96,5,3;4,0,2,0,蚀之裂隙 6
2190053,E_Battlepass,2090006,30,10660990,96,5,3;4,0,2,0,蚀之裂隙 6
2190054,E_Battlepass,2090006,30,10660990,96,5,3;4,0,2,0,蚀之裂隙 6
2190055,E_Battlepass,2090006,30,10660990,96,5,3;4,0,2,0,蚀之裂隙 6
2190056,E_Battlepass,2090006,30,10660990,96,5,3;4,0,2,0,蚀之裂隙 6
2190057,E_Battlepass,2090006,30,10660990,96,5,3;4,0,2,0,蚀之裂隙 6
2190061,E_Battlepass,2090007,30,10660990,96,5,3;4,0,2,0,蚀之裂隙 7
2190063,E_Battlepass,2090007,30,10660990,96,5,3;4,0,2,0,蚀之裂隙 7
2190064,E_Battlepass,2090007,30,10660990,96,5,3;4,0,2,0,蚀之裂隙 7
2190065,E_Battlepass,2090007,30,10660990,96,5,3;4,0,2,0,蚀之裂隙 7
2190066,E_Battlepass,2090007,30,10660990,96,5,3;4,0,2,0,蚀之裂隙 7
2190067,E_Battlepass,2090007,30,10660990,96,5,3;4,0,2,0,蚀之裂隙 7
2190071,E_Battlepass,2090008,30,10660990,96,5,3;4,0,2,0,蚀之裂隙 8
2190073,E_Battlepass,2090008,30,10660990,96,5,3;4,0,2,0,蚀之裂隙 8
2190074,E_Battlepass,2090008,30,10660990,96,5,3;4,0,2,0,蚀之裂隙 8
2190075,E_Battlepass,2090008,30,10660990,96,5,3;4,0,2,0,蚀之裂隙 8
2190076,E_Battlepass,2090008,30,10660990,96,5,3;4,0,2,0,蚀之裂隙 8
2190077,E_Battlepass,2090008,30,10660990,96,5,3;4,0,2,0,蚀之裂隙 8
2190081,E_Battlepass,2090009,30,10660990,96,5,3;4,0,2,0,蚀之裂隙 9
2190083,E_Battlepass,2090009,30,10660990,96,5,3;4,0,2,0,蚀之裂隙 9
2190084,E_Battlepass,2090009,30,10660990,96,5,3;4,0,2,0,蚀之裂隙 9
2190085,E_Battlepass,2090009,30,10660990,96,5,3;4,0,2,0,蚀之裂隙 9
2190086,E_Battlepass,2090009,30,10660990,96,5,3;4,0,2,0,蚀之裂隙 9
2190087,E_Battlepass,2090009,30,10660990,96,5,3;4,0,2,0,蚀之裂隙 9
2190091,E_Battlepass,2090010,30,10660990,96,5,3;4,0,2,0,蚀之裂隙 10
2190093,E_Battlepass,2090010,30,10660990,96,5,3;4,0,2,0,蚀之裂隙 10
2190094,E_Battlepass,2090010,30,10660990,96,5,3;4,0,2,0,蚀之裂隙 10
2190095,E_Battlepass,2090010,30,10660990,96,5,3;4,0,2,0,蚀之裂隙 10
2190096,E_Battlepass,2090010,30,10660990,96,5,3;4,0,2,0,蚀之裂隙 10
2190097,E_Battlepass,2090010,30,10660990,96,5,3;4,0,2,0,蚀之裂隙 10
2190101,E_Battlepass,2090011,30,10660991,96,5,3;5,0,2,0,蚀之裂隙 11
2190103,E_Battlepass,2090011,30,10660991,96,5,3;5,0,2,0,蚀之裂隙 11
2190104,E_Battlepass,2090011,30,10660991,96,5,3;5,0,2,0,蚀之裂隙 11
2190105,E_Battlepass,2090011,30,10660991,96,5,3;5,0,2,0,蚀之裂隙 11
2190106,E_Battlepass,2090011,30,10660991,96,5,3;5,0,2,0,蚀之裂隙 11
2190107,E_Battlepass,2090011,30,10660991,96,5,3;5,0,2,0,蚀之裂隙 11
2190111,E_Battlepass,2090012,30,10660991,96,5,3;5,0,2,0,蚀之裂隙 12
2190113,E_Battlepass,2090012,30,10660991,96,5,3;5,0,2,0,蚀之裂隙 12
2190114,E_Battlepass,2090012,30,10660991,96,5,3;5,0,2,0,蚀之裂隙 12
2190115,E_Battlepass,2090012,30,10660991,96,5,3;5,0,2,0,蚀之裂隙 12
2190116,E_Battlepass,2090012,30,10660991,96,5,3;5,0,2,0,蚀之裂隙 12
2190117,E_Battlepass,2090012,30,10660991,96,5,3;5,0,2,0,蚀之裂隙 12
2190121,E_Battlepass,2090013,30,10660991,96,5,3;5,0,2,0,蚀之裂隙 13
2190123,E_Battlepass,2090013,30,10660991,96,5,3;5,0,2,0,蚀之裂隙 13
2190124,E_Battlepass,2090013,30,10660991,96,5,3;5,0,2,0,蚀之裂隙 13
2190125,E_Battlepass,2090013,30,10660991,96,5,3;5,0,2,0,蚀之裂隙 13
2190126,E_Battlepass,2090013,30,10660991,96,5,3;5,0,2,0,蚀之裂隙 13
2190127,E_Battlepass,2090013,30,10660991,96,5,3;5,0,2,0,蚀之裂隙 13
2190131,E_Battlepass,2090014,30,10660991,96,5,3;5,0,2,0,蚀之裂隙 14
2190133,E_Battlepass,2090014,30,10660991,96,5,3;5,0,2,0,蚀之裂隙 14
2190134,E_Battlepass,2090014,30,10660991,96,5,3;5,0,2,0,蚀之裂隙 14
2190135,E_Battlepass,2090014,30,10660991,96,5,3;5,0,2,0,蚀之裂隙 14
2190136,E_Battlepass,2090014,30,10660991,96,5,3;5,0,2,0,蚀之裂隙 14
2190137,E_Battlepass,2090014,30,10660991,96,5,3;5,0,2,0,蚀之裂隙 14
2190141,E_Battlepass,2090015,30,10660991,96,5,3;5,0,2,0,蚀之裂隙 15
2190143,E_Battlepass,2090015,30,10660991,96,5,3;5,0,2,0,蚀之裂隙 15
2190144,E_Battlepass,2090015,30,10660991,96,5,3;5,0,2,0,蚀之裂隙 15
2190145,E_Battlepass,2090015,30,10660991,96,5,3;5,0,2,0,蚀之裂隙 15
2190146,E_Battlepass,2090015,30,10660991,96,5,3;5,0,2,0,蚀之裂隙 15
2190147,E_Battlepass,2090015,30,10660991,96,5,3;5,0,2,0,蚀之裂隙 15
2190151,E_Battlepass,2090016,30,10660991,96,5,3;5,0,2,0,蚀之裂隙 16
2190153,E_Battlepass,2090016,30,10660991,96,5,3;5,0,2,0,蚀之裂隙 16
2190154,E_Battlepass,2090016,30,10660991,96,5,3;5,0,2,0,蚀之裂隙 16
2190155,E_Battlepass,2090016,30,10660991,96,5,3;5,0,2,0,蚀之裂隙 16
2190156,E_Battlepass,2090016,30,10660991,96,5,3;5,0,2,0,蚀之裂隙 16
2190157,E_Battlepass,2090016,30,10660991,96,5,3;5,0,2,0,蚀之裂隙 16
2190161,E_Battlepass,2090017,30,10660991,96,5,3;5,0,2,0,蚀之裂隙 17
2190163,E_Battlepass,2090017,30,10660991,96,5,3;5,0,2,0,蚀之裂隙 17
2190164,E_Battlepass,2090017,30,10660991,96,5,3;5,0,2,0,蚀之裂隙 17
2190165,E_Battlepass,2090017,30,10660991,96,5,3;5,0,2,0,蚀之裂隙 17
2190166,E_Battlepass,2090017,30,10660991,96,5,3;5,0,2,0,蚀之裂隙 17
2190167,E_Battlepass,2090017,30,10660991,96,5,3;5,0,2,0,蚀之裂隙 17
2190171,E_Battlepass,2090018,30,10660991,96,5,3;5,0,2,0,蚀之裂隙 18
2190173,E_Battlepass,2090018,30,10660991,96,5,3;5,0,2,0,蚀之裂隙 18
2190174,E_Battlepass,2090018,30,10660991,96,5,3;5,0,2,0,蚀之裂隙 18
2190175,E_Battlepass,2090018,30,10660991,96,5,3;5,0,2,0,蚀之裂隙 18
2190176,E_Battlepass,2090018,30,10660991,96,5,3;5,0,2,0,蚀之裂隙 18
2190177,E_Battlepass,2090018,30,10660991,96,5,3;5,0,2,0,蚀之裂隙 18
2190181,E_Battlepass,2090019,30,10660991,96,5,3;5,0,2,0,蚀之裂隙 19
2190183,E_Battlepass,2090019,30,10660991,96,5,3;5,0,2,0,蚀之裂隙 19
2190184,E_Battlepass,2090019,30,10660991,96,5,3;5,0,2,0,蚀之裂隙 19
2190185,E_Battlepass,2090019,30,10660991,96,5,3;5,0,2,0,蚀之裂隙 19
2190186,E_Battlepass,2090019,30,10660991,96,5,3;5,0,2,0,蚀之裂隙 19
2190187,E_Battlepass,2090019,30,10660991,96,5,3;5,0,2,0,蚀之裂隙 19
2190191,E_Battlepass,2090020,30,10660991,96,5,3;5,0,2,0,蚀之裂隙 20
2190193,E_Battlepass,2090020,30,10660991,96,5,3;5,0,2,0,蚀之裂隙 20
2190194,E_Battlepass,2090020,30,10660991,96,5,3;5,0,2,0,蚀之裂隙 20
2190195,E_Battlepass,2090020,30,10660991,96,5,3;5,0,2,0,蚀之裂隙 20
2190196,E_Battlepass,2090020,30,10660991,96,5,3;5,0,2,0,蚀之裂隙 20
2190197,E_Battlepass,2090020,30,10660991,96,5,3;5,0,2,0,蚀之裂隙 20
2190201,E_Battlepass,2090021,30,10660992,96,5,3;6,0,2,0,蚀之裂隙 21
2190203,E_Battlepass,2090021,30,10660992,96,5,3;6,0,2,0,蚀之裂隙 21
2190204,E_Battlepass,2090021,30,10660992,96,5,3;6,0,2,0,蚀之裂隙 21
2190205,E_Battlepass,2090021,30,10660992,96,5,3;6,0,2,0,蚀之裂隙 21
2190206,E_Battlepass,2090021,30,10660992,96,5,3;6,0,2,0,蚀之裂隙 21
2190207,E_Battlepass,2090021,30,10660992,96,5,3;6,0,2,0,蚀之裂隙 21
2190211,E_Battlepass,2090022,30,10660992,96,5,3;6,0,2,0,蚀之裂隙 22
2190213,E_Battlepass,2090022,30,10660992,96,5,3;6,0,2,0,蚀之裂隙 22
2190214,E_Battlepass,2090022,30,10660992,96,5,3;6,0,2,0,蚀之裂隙 22
2190215,E_Battlepass,2090022,30,10660992,96,5,3;6,0,2,0,蚀之裂隙 22
2190216,E_Battlepass,2090022,30,10660992,96,5,3;6,0,2,0,蚀之裂隙 22
2190217,E_Battlepass,2090022,30,10660992,96,5,3;6,0,2,0,蚀之裂隙 22
2190221,E_Battlepass,2090023,30,10660992,96,5,3;6,0,2,0,蚀之裂隙 23
2190223,E_Battlepass,2090023,30,10660992,96,5,3;6,0,2,0,蚀之裂隙 23
2190224,E_Battlepass,2090023,30,10660992,96,5,3;6,0,2,0,蚀之裂隙 23
2190225,E_Battlepass,2090023,30,10660992,96,5,3;6,0,2,0,蚀之裂隙 23
2190226,E_Battlepass,2090023,30,10660992,96,5,3;6,0,2,0,蚀之裂隙 23
2190227,E_Battlepass,2090023,30,10660992,96,5,3;6,0,2,0,蚀之裂隙 23
2190231,E_Battlepass,2090024,30,10660992,96,5,3;6,0,2,0,蚀之裂隙 24
2190233,E_Battlepass,2090024,30,10660992,96,5,3;6,0,2,0,蚀之裂隙 24
2190234,E_Battlepass,2090024,30,10660992,96,5,3;6,0,2,0,蚀之裂隙 24
2190235,E_Battlepass,2090024,30,10660992,96,5,3;6,0,2,0,蚀之裂隙 24
2190236,E_Battlepass,2090024,30,10660992,96,5,3;6,0,2,0,蚀之裂隙 24
2190237,E_Battlepass,2090024,30,10660992,96,5,3;6,0,2,0,蚀之裂隙 24
2190241,E_Battlepass,2090025,30,10660992,96,5,3;6,0,2,0,蚀之裂隙 25
2190243,E_Battlepass,2090025,30,10660992,96,5,3;6,0,2,0,蚀之裂隙 25
2190244,E_Battlepass,2090025,30,10660992,96,5,3;6,0,2,0,蚀之裂隙 25
2190245,E_Battlepass,2090025,30,10660992,96,5,3;6,0,2,0,蚀之裂隙 25
2190246,E_Battlepass,2090025,30,10660992,96,5,3;6,0,2,0,蚀之裂隙 25
2190247,E_Battlepass,2090025,30,10660992,96,5,3;6,0,2,0,蚀之裂隙 25
2190251,E_Battlepass,2090026,30,10660992,96,5,3;6,0,2,0,蚀之裂隙 26
2190253,E_Battlepass,2090026,30,10660992,96,5,3;6,0,2,0,蚀之裂隙 26
2190254,E_Battlepass,2090026,30,10660992,96,5,3;6,0,2,0,蚀之裂隙 26
2190255,E_Battlepass,2090026,30,10660992,96,5,3;6,0,2,0,蚀之裂隙 26
2190256,E_Battlepass,2090026,30,10660992,96,5,3;6,0,2,0,蚀之裂隙 26
2190257,E_Battlepass,2090026,30,10660992,96,5,3;6,0,2,0,蚀之裂隙 26
2190261,E_Battlepass,2090027,30,10660992,96,5,3;6,0,2,0,蚀之裂隙 27
2190263,E_Battlepass,2090027,30,10660992,96,5,3;6,0,2,0,蚀之裂隙 27
2190264,E_Battlepass,2090027,30,10660992,96,5,3;6,0,2,0,蚀之裂隙 27
2190265,E_Battlepass,2090027,30,10660992,96,5,3;6,0,2,0,蚀之裂隙 27
2190266,E_Battlepass,2090027,30,10660992,96,5,3;6,0,2,0,蚀之裂隙 27
2190267,E_Battlepass,2090027,30,10660992,96,5,3;6,0,2,0,蚀之裂隙 27
2190271,E_Battlepass,2090028,30,10660992,96,5,3;6,0,2,0,蚀之裂隙 28
2190273,E_Battlepass,2090028,30,10660992,96,5,3;6,0,2,0,蚀之裂隙 28
2190274,E_Battlepass,2090028,30,10660992,96,5,3;6,0,2,0,蚀之裂隙 28
2190275,E_Battlepass,2090028,30,10660992,96,5,3;6,0,2,0,蚀之裂隙 28
2190276,E_Battlepass,2090028,30,10660992,96,5,3;6,0,2,0,蚀之裂隙 28
2190277,E_Battlepass,2090028,30,10660992,96,5,3;6,0,2,0,蚀之裂隙 28
2190281,E_Battlepass,2090029,30,10660992,96,5,3;6,0,2,0,蚀之裂隙 29
2190283,E_Battlepass,2090029,30,10660992,96,5,3;6,0,2,0,蚀之裂隙 29
2190284,E_Battlepass,2090029,30,10660992,96,5,3;6,0,2,0,蚀之裂隙 29
2190285,E_Battlepass,2090029,30,10660992,96,5,3;6,0,2,0,蚀之裂隙 29
2190286,E_Battlepass,2090029,30,10660992,96,5,3;6,0,2,0,蚀之裂隙 29
2190287,E_Battlepass,2090029,30,10660992,96,5,3;6,0,2,0,蚀之裂隙 29
2190291,E_Battlepass,2090030,30,10660992,96,5,3;6,0,2,0,蚀之裂隙 30
2190293,E_Battlepass,2090030,30,10660992,96,5,3;6,0,2,0,蚀之裂隙 30
2190294,E_Battlepass,2090030,30,10660992,96,5,3;6,0,2,0,蚀之裂隙 30
2190295,E_Battlepass,2090030,30,10660992,96,5,3;6,0,2,0,蚀之裂隙 30
2190296,E_Battlepass,2090030,30,10660992,96,5,3;6,0,2,0,蚀之裂隙 30
2190297,E_Battlepass,2090030,30,10660992,96,5,3;6,0,2,0,蚀之裂隙 30
2190301,E_Battlepass,2090031,30,10660993,96,5,3;6,0,2,0,蚀之裂隙 31
2190303,E_Battlepass,2090031,30,10660993,96,5,3;6,0,2,0,蚀之裂隙 31
2190304,E_Battlepass,2090031,30,10660993,96,5,3;6,0,2,0,蚀之裂隙 31
2190305,E_Battlepass,2090031,30,10660993,96,5,3;6,0,2,0,蚀之裂隙 31
2190306,E_Battlepass,2090031,30,10660993,96,5,3;6,0,2,0,蚀之裂隙 31
2190307,E_Battlepass,2090031,30,10660993,96,5,3;6,0,2,0,蚀之裂隙 31
2190311,E_Battlepass,2090032,30,10660993,96,5,3;6,0,2,0,蚀之裂隙 32
2190313,E_Battlepass,2090032,30,10660993,96,5,3;6,0,2,0,蚀之裂隙 32
2190314,E_Battlepass,2090032,30,10660993,96,5,3;6,0,2,0,蚀之裂隙 32
2190315,E_Battlepass,2090032,30,10660993,96,5,3;6,0,2,0,蚀之裂隙 32
2190316,E_Battlepass,2090032,30,10660993,96,5,3;6,0,2,0,蚀之裂隙 32
2190317,E_Battlepass,2090032,30,10660993,96,5,3;6,0,2,0,蚀之裂隙 32
2190321,E_Battlepass,2090033,30,10660993,96,5,3;6,0,2,0,蚀之裂隙 33
2190323,E_Battlepass,2090033,30,10660993,96,5,3;6,0,2,0,蚀之裂隙 33
2190324,E_Battlepass,2090033,30,10660993,96,5,3;6,0,2,0,蚀之裂隙 33
2190325,E_Battlepass,2090033,30,10660993,96,5,3;6,0,2,0,蚀之裂隙 33
2190326,E_Battlepass,2090033,30,10660993,96,5,3;6,0,2,0,蚀之裂隙 33
2190327,E_Battlepass,2090033,30,10660993,96,5,3;6,0,2,0,蚀之裂隙 33
2190331,E_Battlepass,2090034,30,10660993,96,5,3;6,0,2,0,蚀之裂隙 34
2190333,E_Battlepass,2090034,30,10660993,96,5,3;6,0,2,0,蚀之裂隙 34
2190334,E_Battlepass,2090034,30,10660993,96,5,3;6,0,2,0,蚀之裂隙 34
2190335,E_Battlepass,2090034,30,10660993,96,5,3;6,0,2,0,蚀之裂隙 34
2190336,E_Battlepass,2090034,30,10660993,96,5,3;6,0,2,0,蚀之裂隙 34
2190337,E_Battlepass,2090034,30,10660993,96,5,3;6,0,2,0,蚀之裂隙 34
2190341,E_Battlepass,2090035,30,10660993,96,5,3;6,0,2,0,蚀之裂隙 35
2190343,E_Battlepass,2090035,30,10660993,96,5,3;6,0,2,0,蚀之裂隙 35
2190344,E_Battlepass,2090035,30,10660993,96,5,3;6,0,2,0,蚀之裂隙 35
2190345,E_Battlepass,2090035,30,10660993,96,5,3;6,0,2,0,蚀之裂隙 35
2190346,E_Battlepass,2090035,30,10660993,96,5,3;6,0,2,0,蚀之裂隙 35
2190347,E_Battlepass,2090035,30,10660993,96,5,3;6,0,2,0,蚀之裂隙 35
2190351,E_Battlepass,2090036,30,10660993,96,5,3;6,0,2,0,蚀之裂隙 36
2190353,E_Battlepass,2090036,30,10660993,96,5,3;6,0,2,0,蚀之裂隙 36
2190354,E_Battlepass,2090036,30,10660993,96,5,3;6,0,2,0,蚀之裂隙 36
2190355,E_Battlepass,2090036,30,10660993,96,5,3;6,0,2,0,蚀之裂隙 36
2190356,E_Battlepass,2090036,30,10660993,96,5,3;6,0,2,0,蚀之裂隙 36
2190357,E_Battlepass,2090036,30,10660993,96,5,3;6,0,2,0,蚀之裂隙 36
2190361,E_Battlepass,2090037,30,10660993,96,5,3;6,0,2,0,蚀之裂隙 37
2190363,E_Battlepass,2090037,30,10660993,96,5,3;6,0,2,0,蚀之裂隙 37
2190364,E_Battlepass,2090037,30,10660993,96,5,3;6,0,2,0,蚀之裂隙 37
2190365,E_Battlepass,2090037,30,10660993,96,5,3;6,0,2,0,蚀之裂隙 37
2190366,E_Battlepass,2090037,30,10660993,96,5,3;6,0,2,0,蚀之裂隙 37
2190367,E_Battlepass,2090037,30,10660993,96,5,3;6,0,2,0,蚀之裂隙 37
2190371,E_Battlepass,2090038,30,10660993,96,5,3;6,0,2,0,蚀之裂隙 38
2190373,E_Battlepass,2090038,30,10660993,96,5,3;6,0,2,0,蚀之裂隙 38
2190374,E_Battlepass,2090038,30,10660993,96,5,3;6,0,2,0,蚀之裂隙 38
2190375,E_Battlepass,2090038,30,10660993,96,5,3;6,0,2,0,蚀之裂隙 38
2190376,E_Battlepass,2090038,30,10660993,96,5,3;6,0,2,0,蚀之裂隙 38
2190377,E_Battlepass,2090038,30,10660993,96,5,3;6,0,2,0,蚀之裂隙 38
2190381,E_Battlepass,2090039,30,10660993,96,5,3;6,0,2,0,蚀之裂隙 39
2190383,E_Battlepass,2090039,30,10660993,96,5,3;6,0,2,0,蚀之裂隙 39
2190384,E_Battlepass,2090039,30,10660993,96,5,3;6,0,2,0,蚀之裂隙 39
2190385,E_Battlepass,2090039,30,10660993,96,5,3;6,0,2,0,蚀之裂隙 39
2190386,E_Battlepass,2090039,30,10660993,96,5,3;6,0,2,0,蚀之裂隙 39
2190387,E_Battlepass,2090039,30,10660993,96,5,3;6,0,2,0,蚀之裂隙 39
2190391,E_Battlepass,2090040,30,10660993,96,5,3;6,0,2,0,蚀之裂隙 40
2190393,E_Battlepass,2090040,30,10660993,96,5,3;6,0,2,0,蚀之裂隙 40
2190394,E_Battlepass,2090040,30,10660993,96,5,3;6,0,2,0,蚀之裂隙 40
2190395,E_Battlepass,2090040,30,10660993,96,5,3;6,0,2,0,蚀之裂隙 40
2190396,E_Battlepass,2090040,30,10660993,96,5,3;6,0,2,0,蚀之裂隙 40
2190397,E_Battlepass,2090040,30,10660993,96,5,3;6,0,2,0,蚀之裂隙 40
2190401,E_Battlepass,2090041,30,10660994,96,5,3;6,0,2,0,蚀之裂隙 41
2190403,E_Battlepass,2090041,30,10660994,96,5,3;6,0,2,0,蚀之裂隙 41
2190404,E_Battlepass,2090041,30,10660994,96,5,3;6,0,2,0,蚀之裂隙 41
2190405,E_Battlepass,2090041,30,10660994,96,5,3;6,0,2,0,蚀之裂隙 41
2190406,E_Battlepass,2090041,30,10660994,96,5,3;6,0,2,0,蚀之裂隙 41
2190407,E_Battlepass,2090041,30,10660994,96,5,3;6,0,2,0,蚀之裂隙 41
2190411,E_Battlepass,2090042,30,10660994,96,5,3;6,0,2,0,蚀之裂隙 42
2190413,E_Battlepass,2090042,30,10660994,96,5,3;6,0,2,0,蚀之裂隙 42
2190414,E_Battlepass,2090042,30,10660994,96,5,3;6,0,2,0,蚀之裂隙 42
2190415,E_Battlepass,2090042,30,10660994,96,5,3;6,0,2,0,蚀之裂隙 42
2190416,E_Battlepass,2090042,30,10660994,96,5,3;6,0,2,0,蚀之裂隙 42
2190417,E_Battlepass,2090042,30,10660994,96,5,3;6,0,2,0,蚀之裂隙 42
2190421,E_Battlepass,2090043,30,10660994,96,5,3;6,0,2,0,蚀之裂隙 43
2190423,E_Battlepass,2090043,30,10660994,96,5,3;6,0,2,0,蚀之裂隙 43
2190424,E_Battlepass,2090043,30,10660994,96,5,3;6,0,2,0,蚀之裂隙 43
2190425,E_Battlepass,2090043,30,10660994,96,5,3;6,0,2,0,蚀之裂隙 43
2190426,E_Battlepass,2090043,30,10660994,96,5,3;6,0,2,0,蚀之裂隙 43
2190427,E_Battlepass,2090043,30,10660994,96,5,3;6,0,2,0,蚀之裂隙 43
2190431,E_Battlepass,2090044,30,10660994,96,5,3;6,0,2,0,蚀之裂隙 44
2190433,E_Battlepass,2090044,30,10660994,96,5,3;6,0,2,0,蚀之裂隙 44
2190434,E_Battlepass,2090044,30,10660994,96,5,3;6,0,2,0,蚀之裂隙 44
2190435,E_Battlepass,2090044,30,10660994,96,5,3;6,0,2,0,蚀之裂隙 44
2190436,E_Battlepass,2090044,30,10660994,96,5,3;6,0,2,0,蚀之裂隙 44
2190437,E_Battlepass,2090044,30,10660994,96,5,3;6,0,2,0,蚀之裂隙 44
2190441,E_Battlepass,2090045,30,10660994,96,5,3;6,0,2,0,蚀之裂隙 45
2190443,E_Battlepass,2090045,30,10660994,96,5,3;6,0,2,0,蚀之裂隙 45
2190444,E_Battlepass,2090045,30,10660994,96,5,3;6,0,2,0,蚀之裂隙 45
2190445,E_Battlepass,2090045,30,10660994,96,5,3;6,0,2,0,蚀之裂隙 45
2190446,E_Battlepass,2090045,30,10660994,96,5,3;6,0,2,0,蚀之裂隙 45
2190447,E_Battlepass,2090045,30,10660994,96,5,3;6,0,2,0,蚀之裂隙 45
2190451,E_Battlepass,2090046,30,10660994,96,5,3;6,0,2,0,蚀之裂隙 46
2190453,E_Battlepass,2090046,30,10660994,96,5,3;6,0,2,0,蚀之裂隙 46
2190454,E_Battlepass,2090046,30,10660994,96,5,3;6,0,2,0,蚀之裂隙 46
2190455,E_Battlepass,2090046,30,10660994,96,5,3;6,0,2,0,蚀之裂隙 46
2190456,E_Battlepass,2090046,30,10660994,96,5,3;6,0,2,0,蚀之裂隙 46
2190457,E_Battlepass,2090046,30,10660994,96,5,3;6,0,2,0,蚀之裂隙 46
2190461,E_Battlepass,2090047,30,10660994,96,5,3;6,0,2,0,蚀之裂隙 47
2190463,E_Battlepass,2090047,30,10660994,96,5,3;6,0,2,0,蚀之裂隙 47
2190464,E_Battlepass,2090047,30,10660994,96,5,3;6,0,2,0,蚀之裂隙 47
2190465,E_Battlepass,2090047,30,10660994,96,5,3;6,0,2,0,蚀之裂隙 47
2190466,E_Battlepass,2090047,30,10660994,96,5,3;6,0,2,0,蚀之裂隙 47
2190467,E_Battlepass,2090047,30,10660994,96,5,3;6,0,2,0,蚀之裂隙 47
2190471,E_Battlepass,2090048,30,10660994,96,5,3;6,0,2,0,蚀之裂隙 48
2190473,E_Battlepass,2090048,30,10660994,96,5,3;6,0,2,0,蚀之裂隙 48
2190474,E_Battlepass,2090048,30,10660994,96,5,3;6,0,2,0,蚀之裂隙 48
2190475,E_Battlepass,2090048,30,10660994,96,5,3;6,0,2,0,蚀之裂隙 48
2190476,E_Battlepass,2090048,30,10660994,96,5,3;6,0,2,0,蚀之裂隙 48
2190477,E_Battlepass,2090048,30,10660994,96,5,3;6,0,2,0,蚀之裂隙 48
2190481,E_Battlepass,2090049,30,10660994,96,5,3;6,0,2,0,蚀之裂隙 49
2190483,E_Battlepass,2090049,30,10660994,96,5,3;6,0,2,0,蚀之裂隙 49
2190484,E_Battlepass,2090049,30,10660994,96,5,3;6,0,2,0,蚀之裂隙 49
2190485,E_Battlepass,2090049,30,10660994,96,5,3;6,0,2,0,蚀之裂隙 49
2190486,E_Battlepass,2090049,30,10660994,96,5,3;6,0,2,0,蚀之裂隙 49
2190487,E_Battlepass,2090049,30,10660994,96,5,3;6,0,2,0,蚀之裂隙 49
2190491,E_Battlepass,2090050,30,10660994,96,5,3;6,0,2,0,蚀之裂隙 50
2190493,E_Battlepass,2090050,30,10660994,96,5,3;6,0,2,0,蚀之裂隙 50
2190494,E_Battlepass,2090050,30,10660994,96,5,3;6,0,2,0,蚀之裂隙 50
2190495,E_Battlepass,2090050,30,10660994,96,5,3;6,0,2,0,蚀之裂隙 50
2190496,E_Battlepass,2090050,30,10660994,96,5,3;6,0,2,0,蚀之裂隙 50
2190497,E_Battlepass,2090050,30,10660994,96,5,3;6,0,2,0,蚀之裂隙 50
2190501,E_Battlepass,2090051,30,10660995,96,5,3;6,0,2,0,蚀之裂隙 51
2190503,E_Battlepass,2090051,30,10660995,96,5,3;6,0,2,0,蚀之裂隙 51
2190504,E_Battlepass,2090051,30,10660995,96,5,3;6,0,2,0,蚀之裂隙 51
2190505,E_Battlepass,2090051,30,10660995,96,5,3;6,0,2,0,蚀之裂隙 51
2190506,E_Battlepass,2090051,30,10660995,96,5,3;6,0,2,0,蚀之裂隙 51
2190507,E_Battlepass,2090051,30,10660995,96,5,3;6,0,2,0,蚀之裂隙 51
2190511,E_Battlepass,2090052,30,10660995,96,5,3;6,0,2,0,蚀之裂隙 52
2190513,E_Battlepass,2090052,30,10660995,96,5,3;6,0,2,0,蚀之裂隙 52
2190514,E_Battlepass,2090052,30,10660995,96,5,3;6,0,2,0,蚀之裂隙 52
2190515,E_Battlepass,2090052,30,10660995,96,5,3;6,0,2,0,蚀之裂隙 52
2190516,E_Battlepass,2090052,30,10660995,96,5,3;6,0,2,0,蚀之裂隙 52
2190517,E_Battlepass,2090052,30,10660995,96,5,3;6,0,2,0,蚀之裂隙 52
2190521,E_Battlepass,2090053,30,10660995,96,5,3;6,0,2,0,蚀之裂隙 53
2190523,E_Battlepass,2090053,30,10660995,96,5,3;6,0,2,0,蚀之裂隙 53
2190524,E_Battlepass,2090053,30,10660995,96,5,3;6,0,2,0,蚀之裂隙 53
2190525,E_Battlepass,2090053,30,10660995,96,5,3;6,0,2,0,蚀之裂隙 53
2190526,E_Battlepass,2090053,30,10660995,96,5,3;6,0,2,0,蚀之裂隙 53
2190527,E_Battlepass,2090053,30,10660995,96,5,3;6,0,2,0,蚀之裂隙 53
2190531,E_Battlepass,2090054,30,10660995,96,5,3;6,0,2,0,蚀之裂隙 54
2190533,E_Battlepass,2090054,30,10660995,96,5,3;6,0,2,0,蚀之裂隙 54
2190534,E_Battlepass,2090054,30,10660995,96,5,3;6,0,2,0,蚀之裂隙 54
2190535,E_Battlepass,2090054,30,10660995,96,5,3;6,0,2,0,蚀之裂隙 54
2190536,E_Battlepass,2090054,30,10660995,96,5,3;6,0,2,0,蚀之裂隙 54
2190537,E_Battlepass,2090054,30,10660995,96,5,3;6,0,2,0,蚀之裂隙 54
2190541,E_Battlepass,2090055,30,10660995,96,5,3;6,0,2,0,蚀之裂隙 55
2190543,E_Battlepass,2090055,30,10660995,96,5,3;6,0,2,0,蚀之裂隙 55
2190544,E_Battlepass,2090055,30,10660995,96,5,3;6,0,2,0,蚀之裂隙 55
2190545,E_Battlepass,2090055,30,10660995,96,5,3;6,0,2,0,蚀之裂隙 55
2190546,E_Battlepass,2090055,30,10660995,96,5,3;6,0,2,0,蚀之裂隙 55
2190547,E_Battlepass,2090055,30,10660995,96,5,3;6,0,2,0,蚀之裂隙 55
2190551,E_Battlepass,2090056,30,10660995,96,5,3;6,0,2,0,蚀之裂隙 56
2190553,E_Battlepass,2090056,30,10660995,96,5,3;6,0,2,0,蚀之裂隙 56
2190554,E_Battlepass,2090056,30,10660995,96,5,3;6,0,2,0,蚀之裂隙 56
2190555,E_Battlepass,2090056,30,10660995,96,5,3;6,0,2,0,蚀之裂隙 56
2190556,E_Battlepass,2090056,30,10660995,96,5,3;6,0,2,0,蚀之裂隙 56
2190557,E_Battlepass,2090056,30,10660995,96,5,3;6,0,2,0,蚀之裂隙 56
2190561,E_Battlepass,2090057,30,10660995,96,5,3;6,0,2,0,蚀之裂隙 57
2190563,E_Battlepass,2090057,30,10660995,96,5,3;6,0,2,0,蚀之裂隙 57
2190564,E_Battlepass,2090057,30,10660995,96,5,3;6,0,2,0,蚀之裂隙 57
2190565,E_Battlepass,2090057,30,10660995,96,5,3;6,0,2,0,蚀之裂隙 57
2190566,E_Battlepass,2090057,30,10660995,96,5,3;6,0,2,0,蚀之裂隙 57
2190567,E_Battlepass,2090057,30,10660995,96,5,3;6,0,2,0,蚀之裂隙 57
2190571,E_Battlepass,2090058,30,10660995,96,5,3;6,0,2,0,蚀之裂隙 58
2190573,E_Battlepass,2090058,30,10660995,96,5,3;6,0,2,0,蚀之裂隙 58
2190574,E_Battlepass,2090058,30,10660995,96,5,3;6,0,2,0,蚀之裂隙 58
2190575,E_Battlepass,2090058,30,10660995,96,5,3;6,0,2,0,蚀之裂隙 58
2190576,E_Battlepass,2090058,30,10660995,96,5,3;6,0,2,0,蚀之裂隙 58
2190577,E_Battlepass,2090058,30,10660995,96,5,3;6,0,2,0,蚀之裂隙 58
2190581,E_Battlepass,2090059,30,10660995,96,5,3;6,0,2,0,蚀之裂隙 59
2190583,E_Battlepass,2090059,30,10660995,96,5,3;6,0,2,0,蚀之裂隙 59
2190584,E_Battlepass,2090059,30,10660995,96,5,3;6,0,2,0,蚀之裂隙 59
2190585,E_Battlepass,2090059,30,10660995,96,5,3;6,0,2,0,蚀之裂隙 59
2190586,E_Battlepass,2090059,30,10660995,96,5,3;6,0,2,0,蚀之裂隙 59
2190587,E_Battlepass,2090059,30,10660995,96,5,3;6,0,2,0,蚀之裂隙 59
2190591,E_Battlepass,2090060,30,10660995,96,5,3;6,0,2,0,蚀之裂隙 60
2190593,E_Battlepass,2090060,30,10660995,96,5,3;6,0,2,0,蚀之裂隙 60
2190594,E_Battlepass,2090060,30,10660995,96,5,3;6,0,2,0,蚀之裂隙 60
2190595,E_Battlepass,2090060,30,10660995,96,5,3;6,0,2,0,蚀之裂隙 60
2190596,E_Battlepass,2090060,30,10660995,96,5,3;6,0,2,0,蚀之裂隙 60
2190597,E_Battlepass,2090060,30,10660995,96,5,3;6,0,2,0,蚀之裂隙 60
2190601,E_Battlepass,2090061,30,10660996,96,5,3;6,0,2,0,蚀之裂隙 61
2190603,E_Battlepass,2090061,30,10660996,96,5,3;6,0,2,0,蚀之裂隙 61
2190604,E_Battlepass,2090061,30,10660996,96,5,3;6,0,2,0,蚀之裂隙 61
2190605,E_Battlepass,2090061,30,10660996,96,5,3;6,0,2,0,蚀之裂隙 61
2190606,E_Battlepass,2090061,30,10660996,96,5,3;6,0,2,0,蚀之裂隙 61
2190607,E_Battlepass,2090061,30,10660996,96,5,3;6,0,2,0,蚀之裂隙 61
2190611,E_Battlepass,2090062,30,10660996,96,5,3;6,0,2,0,蚀之裂隙 62
2190613,E_Battlepass,2090062,30,10660996,96,5,3;6,0,2,0,蚀之裂隙 62
2190614,E_Battlepass,2090062,30,10660996,96,5,3;6,0,2,0,蚀之裂隙 62
2190615,E_Battlepass,2090062,30,10660996,96,5,3;6,0,2,0,蚀之裂隙 62
2190616,E_Battlepass,2090062,30,10660996,96,5,3;6,0,2,0,蚀之裂隙 62
2190617,E_Battlepass,2090062,30,10660996,96,5,3;6,0,2,0,蚀之裂隙 62
2190621,E_Battlepass,2090063,30,10660996,96,5,3;6,0,2,0,蚀之裂隙 63
2190623,E_Battlepass,2090063,30,10660996,96,5,3;6,0,2,0,蚀之裂隙 63
2190624,E_Battlepass,2090063,30,10660996,96,5,3;6,0,2,0,蚀之裂隙 63
2190625,E_Battlepass,2090063,30,10660996,96,5,3;6,0,2,0,蚀之裂隙 63
2190626,E_Battlepass,2090063,30,10660996,96,5,3;6,0,2,0,蚀之裂隙 63
2190627,E_Battlepass,2090063,30,10660996,96,5,3;6,0,2,0,蚀之裂隙 63
2190631,E_Battlepass,2090064,30,10660996,96,5,3;6,0,2,0,蚀之裂隙 64
2190633,E_Battlepass,2090064,30,10660996,96,5,3;6,0,2,0,蚀之裂隙 64
2190634,E_Battlepass,2090064,30,10660996,96,5,3;6,0,2,0,蚀之裂隙 64
2190635,E_Battlepass,2090064,30,10660996,96,5,3;6,0,2,0,蚀之裂隙 64
2190636,E_Battlepass,2090064,30,10660996,96,5,3;6,0,2,0,蚀之裂隙 64
2190637,E_Battlepass,2090064,30,10660996,96,5,3;6,0,2,0,蚀之裂隙 64
2190641,E_Battlepass,2090065,30,10660996,96,5,3;6,0,2,0,蚀之裂隙 65
2190643,E_Battlepass,2090065,30,10660996,96,5,3;6,0,2,0,蚀之裂隙 65
2190644,E_Battlepass,2090065,30,10660996,96,5,3;6,0,2,0,蚀之裂隙 65
2190645,E_Battlepass,2090065,30,10660996,96,5,3;6,0,2,0,蚀之裂隙 65
2190646,E_Battlepass,2090065,30,10660996,96,5,3;6,0,2,0,蚀之裂隙 65
2190647,E_Battlepass,2090065,30,10660996,96,5,3;6,0,2,0,蚀之裂隙 65
2190651,E_Battlepass,2090066,30,10660996,96,5,3;6,0,2,0,蚀之裂隙 66
2190653,E_Battlepass,2090066,30,10660996,96,5,3;6,0,2,0,蚀之裂隙 66
2190654,E_Battlepass,2090066,30,10660996,96,5,3;6,0,2,0,蚀之裂隙 66
2190655,E_Battlepass,2090066,30,10660996,96,5,3;6,0,2,0,蚀之裂隙 66
2190656,E_Battlepass,2090066,30,10660996,96,5,3;6,0,2,0,蚀之裂隙 66
2190657,E_Battlepass,2090066,30,10660996,96,5,3;6,0,2,0,蚀之裂隙 66
2190661,E_Battlepass,2090067,30,10660996,96,5,3;6,0,2,0,蚀之裂隙 67
2190663,E_Battlepass,2090067,30,10660996,96,5,3;6,0,2,0,蚀之裂隙 67
2190664,E_Battlepass,2090067,30,10660996,96,5,3;6,0,2,0,蚀之裂隙 67
2190665,E_Battlepass,2090067,30,10660996,96,5,3;6,0,2,0,蚀之裂隙 67
2190666,E_Battlepass,2090067,30,10660996,96,5,3;6,0,2,0,蚀之裂隙 67
2190667,E_Battlepass,2090067,30,10660996,96,5,3;6,0,2,0,蚀之裂隙 67
2190671,E_Battlepass,2090068,30,10660996,96,5,3;6,0,2,0,蚀之裂隙 68
2190673,E_Battlepass,2090068,30,10660996,96,5,3;6,0,2,0,蚀之裂隙 68
2190674,E_Battlepass,2090068,30,10660996,96,5,3;6,0,2,0,蚀之裂隙 68
2190675,E_Battlepass,2090068,30,10660996,96,5,3;6,0,2,0,蚀之裂隙 68
2190676,E_Battlepass,2090068,30,10660996,96,5,3;6,0,2,0,蚀之裂隙 68
2190677,E_Battlepass,2090068,30,10660996,96,5,3;6,0,2,0,蚀之裂隙 68
2190681,E_Battlepass,2090069,30,10660996,96,5,3;6,0,2,0,蚀之裂隙 69
2190683,E_Battlepass,2090069,30,10660996,96,5,3;6,0,2,0,蚀之裂隙 69
2190684,E_Battlepass,2090069,30,10660996,96,5,3;6,0,2,0,蚀之裂隙 69
2190685,E_Battlepass,2090069,30,10660996,96,5,3;6,0,2,0,蚀之裂隙 69
2190686,E_Battlepass,2090069,30,10660996,96,5,3;6,0,2,0,蚀之裂隙 69
2190687,E_Battlepass,2090069,30,10660996,96,5,3;6,0,2,0,蚀之裂隙 69
2190691,E_Battlepass,2090070,30,10660996,96,5,3;6,0,2,0,蚀之裂隙 70
2190693,E_Battlepass,2090070,30,10660996,96,5,3;6,0,2,0,蚀之裂隙 70
2190694,E_Battlepass,2090070,30,10660996,96,5,3;6,0,2,0,蚀之裂隙 70
2190695,E_Battlepass,2090070,30,10660996,96,5,3;6,0,2,0,蚀之裂隙 70
2190696,E_Battlepass,2090070,30,10660996,96,5,3;6,0,2,0,蚀之裂隙 70
2190697,E_Battlepass,2090070,30,10660996,96,5,3;6,0,2,0,蚀之裂隙 70
2190701,E_Battlepass,2090071,30,10660997,96,5,3;6,0,2,0,蚀之裂隙 71
2190703,E_Battlepass,2090071,30,10660997,96,5,3;6,0,2,0,蚀之裂隙 71
2190704,E_Battlepass,2090071,30,10660997,96,5,3;6,0,2,0,蚀之裂隙 71
2190705,E_Battlepass,2090071,30,10660997,96,5,3;6,0,2,0,蚀之裂隙 71
2190706,E_Battlepass,2090071,30,10660997,96,5,3;6,0,2,0,蚀之裂隙 71
2190707,E_Battlepass,2090071,30,10660997,96,5,3;6,0,2,0,蚀之裂隙 71
2190711,E_Battlepass,2090072,30,10660997,96,5,3;6,0,2,0,蚀之裂隙 72
2190713,E_Battlepass,2090072,30,10660997,96,5,3;6,0,2,0,蚀之裂隙 72
2190714,E_Battlepass,2090072,30,10660997,96,5,3;6,0,2,0,蚀之裂隙 72
2190715,E_Battlepass,2090072,30,10660997,96,5,3;6,0,2,0,蚀之裂隙 72
2190716,E_Battlepass,2090072,30,10660997,96,5,3;6,0,2,0,蚀之裂隙 72
2190717,E_Battlepass,2090072,30,10660997,96,5,3;6,0,2,0,蚀之裂隙 72
2190721,E_Battlepass,2090073,30,10660997,96,5,3;6,0,2,0,蚀之裂隙 73
2190723,E_Battlepass,2090073,30,10660997,96,5,3;6,0,2,0,蚀之裂隙 73
2190724,E_Battlepass,2090073,30,10660997,96,5,3;6,0,2,0,蚀之裂隙 73
2190725,E_Battlepass,2090073,30,10660997,96,5,3;6,0,2,0,蚀之裂隙 73
2190726,E_Battlepass,2090073,30,10660997,96,5,3;6,0,2,0,蚀之裂隙 73
2190727,E_Battlepass,2090073,30,10660997,96,5,3;6,0,2,0,蚀之裂隙 73
2190731,E_Battlepass,2090074,30,10660997,96,5,3;6,0,2,0,蚀之裂隙 74
2190733,E_Battlepass,2090074,30,10660997,96,5,3;6,0,2,0,蚀之裂隙 74
2190734,E_Battlepass,2090074,30,10660997,96,5,3;6,0,2,0,蚀之裂隙 74
2190735,E_Battlepass,2090074,30,10660997,96,5,3;6,0,2,0,蚀之裂隙 74
2190736,E_Battlepass,2090074,30,10660997,96,5,3;6,0,2,0,蚀之裂隙 74
2190737,E_Battlepass,2090074,30,10660997,96,5,3;6,0,2,0,蚀之裂隙 74
2190741,E_Battlepass,2090075,30,10660997,96,5,3;6,0,2,0,蚀之裂隙 75
2190743,E_Battlepass,2090075,30,10660997,96,5,3;6,0,2,0,蚀之裂隙 75
2190744,E_Battlepass,2090075,30,10660997,96,5,3;6,0,2,0,蚀之裂隙 75
2190745,E_Battlepass,2090075,30,10660997,96,5,3;6,0,2,0,蚀之裂隙 75
2190746,E_Battlepass,2090075,30,10660997,96,5,3;6,0,2,0,蚀之裂隙 75
2190747,E_Battlepass,2090075,30,10660997,96,5,3;6,0,2,0,蚀之裂隙 75
2190751,E_Battlepass,2090076,30,10660997,96,5,3;6,0,2,0,蚀之裂隙 76
2190753,E_Battlepass,2090076,30,10660997,96,5,3;6,0,2,0,蚀之裂隙 76
2190754,E_Battlepass,2090076,30,10660997,96,5,3;6,0,2,0,蚀之裂隙 76
2190755,E_Battlepass,2090076,30,10660997,96,5,3;6,0,2,0,蚀之裂隙 76
2190756,E_Battlepass,2090076,30,10660997,96,5,3;6,0,2,0,蚀之裂隙 76
2190757,E_Battlepass,2090076,30,10660997,96,5,3;6,0,2,0,蚀之裂隙 76
2190761,E_Battlepass,2090077,30,10660997,96,5,3;6,0,2,0,蚀之裂隙 77
2190763,E_Battlepass,2090077,30,10660997,96,5,3;6,0,2,0,蚀之裂隙 77
2190764,E_Battlepass,2090077,30,10660997,96,5,3;6,0,2,0,蚀之裂隙 77
2190765,E_Battlepass,2090077,30,10660997,96,5,3;6,0,2,0,蚀之裂隙 77
2190766,E_Battlepass,2090077,30,10660997,96,5,3;6,0,2,0,蚀之裂隙 77
2190767,E_Battlepass,2090077,30,10660997,96,5,3;6,0,2,0,蚀之裂隙 77
2190771,E_Battlepass,2090078,30,10660997,96,5,3;6,0,2,0,蚀之裂隙 78
2190773,E_Battlepass,2090078,30,10660997,96,5,3;6,0,2,0,蚀之裂隙 78
2190774,E_Battlepass,2090078,30,10660997,96,5,3;6,0,2,0,蚀之裂隙 78
2190775,E_Battlepass,2090078,30,10660997,96,5,3;6,0,2,0,蚀之裂隙 78
2190776,E_Battlepass,2090078,30,10660997,96,5,3;6,0,2,0,蚀之裂隙 78
2190777,E_Battlepass,2090078,30,10660997,96,5,3;6,0,2,0,蚀之裂隙 78
2190781,E_Battlepass,2090079,30,10660997,96,5,3;6,0,2,0,蚀之裂隙 79
2190783,E_Battlepass,2090079,30,10660997,96,5,3;6,0,2,0,蚀之裂隙 79
2190784,E_Battlepass,2090079,30,10660997,96,5,3;6,0,2,0,蚀之裂隙 79
2190785,E_Battlepass,2090079,30,10660997,96,5,3;6,0,2,0,蚀之裂隙 79
2190786,E_Battlepass,2090079,30,10660997,96,5,3;6,0,2,0,蚀之裂隙 79
2190787,E_Battlepass,2090079,30,10660997,96,5,3;6,0,2,0,蚀之裂隙 79
2190791,E_Battlepass,2090080,30,10660997,96,5,3;6,0,2,0,蚀之裂隙 80
2190793,E_Battlepass,2090080,30,10660997,96,5,3;6,0,2,0,蚀之裂隙 80
2190794,E_Battlepass,2090080,30,10660997,96,5,3;6,0,2,0,蚀之裂隙 80
2190795,E_Battlepass,2090080,30,10660997,96,5,3;6,0,2,0,蚀之裂隙 80
2190796,E_Battlepass,2090080,30,10660997,96,5,3;6,0,2,0,蚀之裂隙 80
2190797,E_Battlepass,2090080,30,10660997,96,5,3;6,0,2,0,蚀之裂隙 80
2190801,E_Battlepass,2090081,30,10660998,96,5,3;6,0,2,0,蚀之裂隙 81
2190803,E_Battlepass,2090081,30,10660998,96,5,3;6,0,2,0,蚀之裂隙 81
2190804,E_Battlepass,2090081,30,10660998,96,5,3;6,0,2,0,蚀之裂隙 81
2190805,E_Battlepass,2090081,30,10660998,96,5,3;6,0,2,0,蚀之裂隙 81
2190806,E_Battlepass,2090081,30,10660998,96,5,3;6,0,2,0,蚀之裂隙 81
2190807,E_Battlepass,2090081,30,10660998,96,5,3;6,0,2,0,蚀之裂隙 81
2190811,E_Battlepass,2090082,30,10660998,96,5,3;6,0,2,0,蚀之裂隙 82
2190813,E_Battlepass,2090082,30,10660998,96,5,3;6,0,2,0,蚀之裂隙 82
2190814,E_Battlepass,2090082,30,10660998,96,5,3;6,0,2,0,蚀之裂隙 82
2190815,E_Battlepass,2090082,30,10660998,96,5,3;6,0,2,0,蚀之裂隙 82
2190816,E_Battlepass,2090082,30,10660998,96,5,3;6,0,2,0,蚀之裂隙 82
2190817,E_Battlepass,2090082,30,10660998,96,5,3;6,0,2,0,蚀之裂隙 82
2190821,E_Battlepass,2090083,30,10660998,96,5,3;6,0,2,0,蚀之裂隙 83
2190823,E_Battlepass,2090083,30,10660998,96,5,3;6,0,2,0,蚀之裂隙 83
2190824,E_Battlepass,2090083,30,10660998,96,5,3;6,0,2,0,蚀之裂隙 83
2190825,E_Battlepass,2090083,30,10660998,96,5,3;6,0,2,0,蚀之裂隙 83
2190826,E_Battlepass,2090083,30,10660998,96,5,3;6,0,2,0,蚀之裂隙 83
2190827,E_Battlepass,2090083,30,10660998,96,5,3;6,0,2,0,蚀之裂隙 83
2190831,E_Battlepass,2090084,30,10660998,96,5,3;6,0,2,0,蚀之裂隙 84
2190833,E_Battlepass,2090084,30,10660998,96,5,3;6,0,2,0,蚀之裂隙 84
2190834,E_Battlepass,2090084,30,10660998,96,5,3;6,0,2,0,蚀之裂隙 84
2190835,E_Battlepass,2090084,30,10660998,96,5,3;6,0,2,0,蚀之裂隙 84
2190836,E_Battlepass,2090084,30,10660998,96,5,3;6,0,2,0,蚀之裂隙 84
2190837,E_Battlepass,2090084,30,10660998,96,5,3;6,0,2,0,蚀之裂隙 84
2190841,E_Battlepass,2090085,30,10660998,96,5,3;6,0,2,0,蚀之裂隙 85
2190843,E_Battlepass,2090085,30,10660998,96,5,3;6,0,2,0,蚀之裂隙 85
2190844,E_Battlepass,2090085,30,10660998,96,5,3;6,0,2,0,蚀之裂隙 85
2190845,E_Battlepass,2090085,30,10660998,96,5,3;6,0,2,0,蚀之裂隙 85
2190846,E_Battlepass,2090085,30,10660998,96,5,3;6,0,2,0,蚀之裂隙 85
2190847,E_Battlepass,2090085,30,10660998,96,5,3;6,0,2,0,蚀之裂隙 85
2190851,E_Battlepass,2090086,30,10660998,96,5,3;6,0,2,0,蚀之裂隙 86
2190853,E_Battlepass,2090086,30,10660998,96,5,3;6,0,2,0,蚀之裂隙 86
2190854,E_Battlepass,2090086,30,10660998,96,5,3;6,0,2,0,蚀之裂隙 86
2190855,E_Battlepass,2090086,30,10660998,96,5,3;6,0,2,0,蚀之裂隙 86
2190856,E_Battlepass,2090086,30,10660998,96,5,3;6,0,2,0,蚀之裂隙 86
2190857,E_Battlepass,2090086,30,10660998,96,5,3;6,0,2,0,蚀之裂隙 86
2190861,E_Battlepass,2090087,30,10660998,96,5,3;6,0,2,0,蚀之裂隙 87
2190863,E_Battlepass,2090087,30,10660998,96,5,3;6,0,2,0,蚀之裂隙 87
2190864,E_Battlepass,2090087,30,10660998,96,5,3;6,0,2,0,蚀之裂隙 87
2190865,E_Battlepass,2090087,30,10660998,96,5,3;6,0,2,0,蚀之裂隙 87
2190866,E_Battlepass,2090087,30,10660998,96,5,3;6,0,2,0,蚀之裂隙 87
2190867,E_Battlepass,2090087,30,10660998,96,5,3;6,0,2,0,蚀之裂隙 87
2190871,E_Battlepass,2090088,30,10660998,96,5,3;6,0,2,0,蚀之裂隙 88
2190873,E_Battlepass,2090088,30,10660998,96,5,3;6,0,2,0,蚀之裂隙 88
2190874,E_Battlepass,2090088,30,10660998,96,5,3;6,0,2,0,蚀之裂隙 88
2190875,E_Battlepass,2090088,30,10660998,96,5,3;6,0,2,0,蚀之裂隙 88
2190876,E_Battlepass,2090088,30,10660998,96,5,3;6,0,2,0,蚀之裂隙 88
2190877,E_Battlepass,2090088,30,10660998,96,5,3;6,0,2,0,蚀之裂隙 88
2190881,E_Battlepass,2090089,30,10660998,96,5,3;6,0,2,0,蚀之裂隙 89
2190883,E_Battlepass,2090089,30,10660998,96,5,3;6,0,2,0,蚀之裂隙 89
2190884,E_Battlepass,2090089,30,10660998,96,5,3;6,0,2,0,蚀之裂隙 89
2190885,E_Battlepass,2090089,30,10660998,96,5,3;6,0,2,0,蚀之裂隙 89
2190886,E_Battlepass,2090089,30,10660998,96,5,3;6,0,2,0,蚀之裂隙 89
2190887,E_Battlepass,2090089,30,10660998,96,5,3;6,0,2,0,蚀之裂隙 89
2190891,E_Battlepass,2090090,30,10660998,96,5,3;6,0,2,0,蚀之裂隙 90
2190893,E_Battlepass,2090090,30,10660998,96,5,3;6,0,2,0,蚀之裂隙 90
2190894,E_Battlepass,2090090,30,10660998,96,5,3;6,0,2,0,蚀之裂隙 90
2190895,E_Battlepass,2090090,30,10660998,96,5,3;6,0,2,0,蚀之裂隙 90
2190896,E_Battlepass,2090090,30,10660998,96,5,3;6,0,2,0,蚀之裂隙 90
2190897,E_Battlepass,2090090,30,10660998,96,5,3;6,0,2,0,蚀之裂隙 90
2190901,E_Battlepass,2090091,30,10660999,96,5,3;6,0,2,0,蚀之裂隙 91
2190903,E_Battlepass,2090091,30,10660999,96,5,3;6,0,2,0,蚀之裂隙 91
2190904,E_Battlepass,2090091,30,10660999,96,5,3;6,0,2,0,蚀之裂隙 91
2190905,E_Battlepass,2090091,30,10660999,96,5,3;6,0,2,0,蚀之裂隙 91
2190906,E_Battlepass,2090091,30,10660999,96,5,3;6,0,2,0,蚀之裂隙 91
2190907,E_Battlepass,2090091,30,10660999,96,5,3;6,0,2,0,蚀之裂隙 91
2190911,E_Battlepass,2090092,30,10660999,96,5,3;6,0,2,0,蚀之裂隙 92
2190913,E_Battlepass,2090092,30,10660999,96,5,3;6,0,2,0,蚀之裂隙 92
2190914,E_Battlepass,2090092,30,10660999,96,5,3;6,0,2,0,蚀之裂隙 92
2190915,E_Battlepass,2090092,30,10660999,96,5,3;6,0,2,0,蚀之裂隙 92
2190916,E_Battlepass,2090092,30,10660999,96,5,3;6,0,2,0,蚀之裂隙 92
2190917,E_Battlepass,2090092,30,10660999,96,5,3;6,0,2,0,蚀之裂隙 92
2190921,E_Battlepass,2090093,30,10660999,96,5,3;6,0,2,0,蚀之裂隙 93
2190923,E_Battlepass,2090093,30,10660999,96,5,3;6,0,2,0,蚀之裂隙 93
2190924,E_Battlepass,2090093,30,10660999,96,5,3;6,0,2,0,蚀之裂隙 93
2190925,E_Battlepass,2090093,30,10660999,96,5,3;6,0,2,0,蚀之裂隙 93
2190926,E_Battlepass,2090093,30,10660999,96,5,3;6,0,2,0,蚀之裂隙 93
2190927,E_Battlepass,2090093,30,10660999,96,5,3;6,0,2,0,蚀之裂隙 93
2190931,E_Battlepass,2090094,30,10660999,96,5,3;6,0,2,0,蚀之裂隙 94
2190933,E_Battlepass,2090094,30,10660999,96,5,3;6,0,2,0,蚀之裂隙 94
2190934,E_Battlepass,2090094,30,10660999,96,5,3;6,0,2,0,蚀之裂隙 94
2190935,E_Battlepass,2090094,30,10660999,96,5,3;6,0,2,0,蚀之裂隙 94
2190936,E_Battlepass,2090094,30,10660999,96,5,3;6,0,2,0,蚀之裂隙 94
2190937,E_Battlepass,2090094,30,10660999,96,5,3;6,0,2,0,蚀之裂隙 94
2190941,E_Battlepass,2090095,30,10660999,96,5,3;6,0,2,0,蚀之裂隙 95
2190943,E_Battlepass,2090095,30,10660999,96,5,3;6,0,2,0,蚀之裂隙 95
2190944,E_Battlepass,2090095,30,10660999,96,5,3;6,0,2,0,蚀之裂隙 95
2190945,E_Battlepass,2090095,30,10660999,96,5,3;6,0,2,0,蚀之裂隙 95
2190946,E_Battlepass,2090095,30,10660999,96,5,3;6,0,2,0,蚀之裂隙 95
2190947,E_Battlepass,2090095,30,10660999,96,5,3;6,0,2,0,蚀之裂隙 95
2190951,E_Battlepass,2090096,30,10660999,96,5,3;6,0,2,0,蚀之裂隙 96
2190953,E_Battlepass,2090096,30,10660999,96,5,3;6,0,2,0,蚀之裂隙 96
2190954,E_Battlepass,2090096,30,10660999,96,5,3;6,0,2,0,蚀之裂隙 96
2190955,E_Battlepass,2090096,30,10660999,96,5,3;6,0,2,0,蚀之裂隙 96
2190956,E_Battlepass,2090096,30,10660999,96,5,3;6,0,2,0,蚀之裂隙 96
2190957,E_Battlepass,2090096,30,10660999,96,5,3;6,0,2,0,蚀之裂隙 96
2190961,E_Battlepass,2090097,30,10660999,96,5,3;6,0,2,0,蚀之裂隙 97
2190963,E_Battlepass,2090097,30,10660999,96,5,3;6,0,2,0,蚀之裂隙 97
2190964,E_Battlepass,2090097,30,10660999,96,5,3;6,0,2,0,蚀之裂隙 97
2190965,E_Battlepass,2090097,30,10660999,96,5,3;6,0,2,0,蚀之裂隙 97
2190966,E_Battlepass,2090097,30,10660999,96,5,3;6,0,2,0,蚀之裂隙 97
2190967,E_Battlepass,2090097,30,10660999,96,5,3;6,0,2,0,蚀之裂隙 97
2190971,E_Battlepass,2090098,30,10660999,96,5,3;6,0,2,0,蚀之裂隙 98
2190973,E_Battlepass,2090098,30,10660999,96,5,3;6,0,2,0,蚀之裂隙 98
2190974,E_Battlepass,2090098,30,10660999,96,5,3;6,0,2,0,蚀之裂隙 98
2190975,E_Battlepass,2090098,30,10660999,96,5,3;6,0,2,0,蚀之裂隙 98
2190976,E_Battlepass,2090098,30,10660999,96,5,3;6,0,2,0,蚀之裂隙 98
2190977,E_Battlepass,2090098,30,10660999,96,5,3;6,0,2,0,蚀之裂隙 98
2190981,E_Battlepass,2090099,30,10660999,96,5,3;6,0,2,0,蚀之裂隙 99
2190983,E_Battlepass,2090099,30,10660999,96,5,3;6,0,2,0,蚀之裂隙 99
2190984,E_Battlepass,2090099,30,10660999,96,5,3;6,0,2,0,蚀之裂隙 99
2190985,E_Battlepass,2090099,30,10660999,96,5,3;6,0,2,0,蚀之裂隙 99
2190986,E_Battlepass,2090099,30,10660999,96,5,3;6,0,2,0,蚀之裂隙 99
2190987,E_Battlepass,2090099,30,10660999,96,5,3;6,0,2,0,蚀之裂隙 99
2190991,E_Battlepass,2090100,30,10660999,96,5,3;6,0,2,0,蚀之裂隙 100
2190993,E_Battlepass,2090100,30,10660999,96,5,3;6,0,2,0,蚀之裂隙 100
2190994,E_Battlepass,2090100,30,10660999,96,5,3;6,0,2,0,蚀之裂隙 100
2190995,E_Battlepass,2090100,30,10660999,96,5,3;6,0,2,0,蚀之裂隙 100
2190996,E_Battlepass,2090100,30,10660999,96,5,3;6,0,2,0,蚀之裂隙 100
2190997,E_Battlepass,2090100,30,10660999,96,5,3;6,0,2,0,蚀之裂隙 100
2191001,E_Battlepass,2091001,30,10660990,96,5,3;4,0,2,0,蚀之裂隙 1 
2191003,E_Battlepass,2091001,30,10660990,96,5,3;4,0,2,0,蚀之裂隙 1 
2191004,E_Battlepass,2091001,30,10660990,96,5,3;4,0,2,0,蚀之裂隙 1 
2191005,E_Battlepass,2091001,30,10660990,96,5,3;4,0,2,0,蚀之裂隙 1 
2191006,E_Battlepass,2091001,30,10660990,96,5,3;4,0,2,0,蚀之裂隙 1 
2191007,E_Battlepass,2091001,30,10660990,96,5,3;4,0,2,0,蚀之裂隙 1 
2191011,E_Battlepass,2091002,30,10660990,96,5,3;4,0,2,0,蚀之裂隙 2
2191013,E_Battlepass,2091002,30,10660990,96,5,3;4,0,2,0,蚀之裂隙 2
2191014,E_Battlepass,2091002,30,10660990,96,5,3;4,0,2,0,蚀之裂隙 2
2191015,E_Battlepass,2091002,30,10660990,96,5,3;4,0,2,0,蚀之裂隙 2
2191016,E_Battlepass,2091002,30,10660990,96,5,3;4,0,2,0,蚀之裂隙 2
2191017,E_Battlepass,2091002,30,10660990,96,5,3;4,0,2,0,蚀之裂隙 2
2191021,E_Battlepass,2091003,30,10660990,96,5,3;4,0,2,0,蚀之裂隙 3
2191023,E_Battlepass,2091003,30,10660990,96,5,3;4,0,2,0,蚀之裂隙 3
2191024,E_Battlepass,2091003,30,10660990,96,5,3;4,0,2,0,蚀之裂隙 3
2191025,E_Battlepass,2091003,30,10660990,96,5,3;4,0,2,0,蚀之裂隙 3
2191026,E_Battlepass,2091003,30,10660990,96,5,3;4,0,2,0,蚀之裂隙 3
2191027,E_Battlepass,2091003,30,10660990,96,5,3;4,0,2,0,蚀之裂隙 3
2191031,E_Battlepass,2091004,30,10660990,96,5,3;4,0,2,0,蚀之裂隙 4
2191033,E_Battlepass,2091004,30,10660990,96,5,3;4,0,2,0,蚀之裂隙 4
2191034,E_Battlepass,2091004,30,10660990,96,5,3;4,0,2,0,蚀之裂隙 4
2191035,E_Battlepass,2091004,30,10660990,96,5,3;4,0,2,0,蚀之裂隙 4
2191036,E_Battlepass,2091004,30,10660990,96,5,3;4,0,2,0,蚀之裂隙 4
2191037,E_Battlepass,2091004,30,10660990,96,5,3;4,0,2,0,蚀之裂隙 4
2191041,E_Battlepass,2091005,30,10660990,96,5,3;4,0,2,0,蚀之裂隙 5
2191043,E_Battlepass,2091005,30,10660990,96,5,3;4,0,2,0,蚀之裂隙 5
2191044,E_Battlepass,2091005,30,10660990,96,5,3;4,0,2,0,蚀之裂隙 5
2191045,E_Battlepass,2091005,30,10660990,96,5,3;4,0,2,0,蚀之裂隙 5
2191046,E_Battlepass,2091005,30,10660990,96,5,3;4,0,2,0,蚀之裂隙 5
2191047,E_Battlepass,2091005,30,10660990,96,5,3;4,0,2,0,蚀之裂隙 5
2191051,E_Battlepass,2091006,30,10660990,96,5,3;4,0,2,0,蚀之裂隙 6
2191053,E_Battlepass,2091006,30,10660990,96,5,3;4,0,2,0,蚀之裂隙 6
2191054,E_Battlepass,2091006,30,10660990,96,5,3;4,0,2,0,蚀之裂隙 6
2191055,E_Battlepass,2091006,30,10660990,96,5,3;4,0,2,0,蚀之裂隙 6
2191056,E_Battlepass,2091006,30,10660990,96,5,3;4,0,2,0,蚀之裂隙 6
2191057,E_Battlepass,2091006,30,10660990,96,5,3;4,0,2,0,蚀之裂隙 6
2191061,E_Battlepass,2091007,30,10660990,96,5,3;4,0,2,0,蚀之裂隙 7
2191063,E_Battlepass,2091007,30,10660990,96,5,3;4,0,2,0,蚀之裂隙 7
2191064,E_Battlepass,2091007,30,10660990,96,5,3;4,0,2,0,蚀之裂隙 7
2191065,E_Battlepass,2091007,30,10660990,96,5,3;4,0,2,0,蚀之裂隙 7
2191066,E_Battlepass,2091007,30,10660990,96,5,3;4,0,2,0,蚀之裂隙 7
2191067,E_Battlepass,2091007,30,10660990,96,5,3;4,0,2,0,蚀之裂隙 7
2191071,E_Battlepass,2091008,30,10660990,96,5,3;4,0,2,0,蚀之裂隙 8
2191073,E_Battlepass,2091008,30,10660990,96,5,3;4,0,2,0,蚀之裂隙 8
2191074,E_Battlepass,2091008,30,10660990,96,5,3;4,0,2,0,蚀之裂隙 8
2191075,E_Battlepass,2091008,30,10660990,96,5,3;4,0,2,0,蚀之裂隙 8
2191076,E_Battlepass,2091008,30,10660990,96,5,3;4,0,2,0,蚀之裂隙 8
2191077,E_Battlepass,2091008,30,10660990,96,5,3;4,0,2,0,蚀之裂隙 8
2191081,E_Battlepass,2091009,30,10660990,96,5,3;4,0,2,0,蚀之裂隙 9
2191083,E_Battlepass,2091009,30,10660990,96,5,3;4,0,2,0,蚀之裂隙 9
2191084,E_Battlepass,2091009,30,10660990,96,5,3;4,0,2,0,蚀之裂隙 9
2191085,E_Battlepass,2091009,30,10660990,96,5,3;4,0,2,0,蚀之裂隙 9
2191086,E_Battlepass,2091009,30,10660990,96,5,3;4,0,2,0,蚀之裂隙 9
2191087,E_Battlepass,2091009,30,10660990,96,5,3;4,0,2,0,蚀之裂隙 9
2191091,E_Battlepass,2091010,30,10660990,96,5,3;4,0,2,0,蚀之裂隙 10
2191093,E_Battlepass,2091010,30,10660990,96,5,3;4,0,2,0,蚀之裂隙 10
2191094,E_Battlepass,2091010,30,10660990,96,5,3;4,0,2,0,蚀之裂隙 10
2191095,E_Battlepass,2091010,30,10660990,96,5,3;4,0,2,0,蚀之裂隙 10
2191096,E_Battlepass,2091010,30,10660990,96,5,3;4,0,2,0,蚀之裂隙 10
2191097,E_Battlepass,2091010,30,10660990,96,5,3;4,0,2,0,蚀之裂隙 10
2191101,E_Battlepass,2091011,30,10660991,96,5,3;5,0,2,0,蚀之裂隙 11
2191103,E_Battlepass,2091011,30,10660991,96,5,3;5,0,2,0,蚀之裂隙 11
2191104,E_Battlepass,2091011,30,10660991,96,5,3;5,0,2,0,蚀之裂隙 11
2191105,E_Battlepass,2091011,30,10660991,96,5,3;5,0,2,0,蚀之裂隙 11
2191106,E_Battlepass,2091011,30,10660991,96,5,3;5,0,2,0,蚀之裂隙 11
2191107,E_Battlepass,2091011,30,10660991,96,5,3;5,0,2,0,蚀之裂隙 11
2191111,E_Battlepass,2091012,30,10660991,96,5,3;5,0,2,0,蚀之裂隙 12
2191113,E_Battlepass,2091012,30,10660991,96,5,3;5,0,2,0,蚀之裂隙 12
2191114,E_Battlepass,2091012,30,10660991,96,5,3;5,0,2,0,蚀之裂隙 12
2191115,E_Battlepass,2091012,30,10660991,96,5,3;5,0,2,0,蚀之裂隙 12
2191116,E_Battlepass,2091012,30,10660991,96,5,3;5,0,2,0,蚀之裂隙 12
2191117,E_Battlepass,2091012,30,10660991,96,5,3;5,0,2,0,蚀之裂隙 12
2191121,E_Battlepass,2091013,30,10660991,96,5,3;5,0,2,0,蚀之裂隙 13
2191123,E_Battlepass,2091013,30,10660991,96,5,3;5,0,2,0,蚀之裂隙 13
2191124,E_Battlepass,2091013,30,10660991,96,5,3;5,0,2,0,蚀之裂隙 13
2191125,E_Battlepass,2091013,30,10660991,96,5,3;5,0,2,0,蚀之裂隙 13
2191126,E_Battlepass,2091013,30,10660991,96,5,3;5,0,2,0,蚀之裂隙 13
2191127,E_Battlepass,2091013,30,10660991,96,5,3;5,0,2,0,蚀之裂隙 13
2191131,E_Battlepass,2091014,30,10660991,96,5,3;5,0,2,0,蚀之裂隙 14
2191133,E_Battlepass,2091014,30,10660991,96,5,3;5,0,2,0,蚀之裂隙 14
2191134,E_Battlepass,2091014,30,10660991,96,5,3;5,0,2,0,蚀之裂隙 14
2191135,E_Battlepass,2091014,30,10660991,96,5,3;5,0,2,0,蚀之裂隙 14
2191136,E_Battlepass,2091014,30,10660991,96,5,3;5,0,2,0,蚀之裂隙 14
2191137,E_Battlepass,2091014,30,10660991,96,5,3;5,0,2,0,蚀之裂隙 14
2191141,E_Battlepass,2091015,30,10660991,96,5,3;5,0,2,0,蚀之裂隙 15
2191143,E_Battlepass,2091015,30,10660991,96,5,3;5,0,2,0,蚀之裂隙 15
2191144,E_Battlepass,2091015,30,10660991,96,5,3;5,0,2,0,蚀之裂隙 15
2191145,E_Battlepass,2091015,30,10660991,96,5,3;5,0,2,0,蚀之裂隙 15
2191146,E_Battlepass,2091015,30,10660991,96,5,3;5,0,2,0,蚀之裂隙 15
2191147,E_Battlepass,2091015,30,10660991,96,5,3;5,0,2,0,蚀之裂隙 15
2191151,E_Battlepass,2091016,30,10660991,96,5,3;5,0,2,0,蚀之裂隙 16
2191153,E_Battlepass,2091016,30,10660991,96,5,3;5,0,2,0,蚀之裂隙 16
2191154,E_Battlepass,2091016,30,10660991,96,5,3;5,0,2,0,蚀之裂隙 16
2191155,E_Battlepass,2091016,30,10660991,96,5,3;5,0,2,0,蚀之裂隙 16
2191156,E_Battlepass,2091016,30,10660991,96,5,3;5,0,2,0,蚀之裂隙 16
2191157,E_Battlepass,2091016,30,10660991,96,5,3;5,0,2,0,蚀之裂隙 16
2191161,E_Battlepass,2091017,30,10660991,96,5,3;5,0,2,0,蚀之裂隙 17
2191163,E_Battlepass,2091017,30,10660991,96,5,3;5,0,2,0,蚀之裂隙 17
2191164,E_Battlepass,2091017,30,10660991,96,5,3;5,0,2,0,蚀之裂隙 17
2191165,E_Battlepass,2091017,30,10660991,96,5,3;5,0,2,0,蚀之裂隙 17
2191166,E_Battlepass,2091017,30,10660991,96,5,3;5,0,2,0,蚀之裂隙 17
2191167,E_Battlepass,2091017,30,10660991,96,5,3;5,0,2,0,蚀之裂隙 17
2191171,E_Battlepass,2091018,30,10660991,96,5,3;5,0,2,0,蚀之裂隙 18
2191173,E_Battlepass,2091018,30,10660991,96,5,3;5,0,2,0,蚀之裂隙 18
2191174,E_Battlepass,2091018,30,10660991,96,5,3;5,0,2,0,蚀之裂隙 18
2191175,E_Battlepass,2091018,30,10660991,96,5,3;5,0,2,0,蚀之裂隙 18
2191176,E_Battlepass,2091018,30,10660991,96,5,3;5,0,2,0,蚀之裂隙 18
2191177,E_Battlepass,2091018,30,10660991,96,5,3;5,0,2,0,蚀之裂隙 18
2191181,E_Battlepass,2091019,30,10660991,96,5,3;5,0,2,0,蚀之裂隙 19
2191183,E_Battlepass,2091019,30,10660991,96,5,3;5,0,2,0,蚀之裂隙 19
2191184,E_Battlepass,2091019,30,10660991,96,5,3;5,0,2,0,蚀之裂隙 19
2191185,E_Battlepass,2091019,30,10660991,96,5,3;5,0,2,0,蚀之裂隙 19
2191186,E_Battlepass,2091019,30,10660991,96,5,3;5,0,2,0,蚀之裂隙 19
2191187,E_Battlepass,2091019,30,10660991,96,5,3;5,0,2,0,蚀之裂隙 19
2191191,E_Battlepass,2091020,30,10660991,96,5,3;5,0,2,0,蚀之裂隙 20
2191193,E_Battlepass,2091020,30,10660991,96,5,3;5,0,2,0,蚀之裂隙 20
2191194,E_Battlepass,2091020,30,10660991,96,5,3;5,0,2,0,蚀之裂隙 20
2191195,E_Battlepass,2091020,30,10660991,96,5,3;5,0,2,0,蚀之裂隙 20
2191196,E_Battlepass,2091020,30,10660991,96,5,3;5,0,2,0,蚀之裂隙 20
2191197,E_Battlepass,2091020,30,10660991,96,5,3;5,0,2,0,蚀之裂隙 20
2191201,E_Battlepass,2091021,30,10660992,96,5,3;6,0,2,0,蚀之裂隙 21
2191203,E_Battlepass,2091021,30,10660992,96,5,3;6,0,2,0,蚀之裂隙 21
2191204,E_Battlepass,2091021,30,10660992,96,5,3;6,0,2,0,蚀之裂隙 21
2191205,E_Battlepass,2091021,30,10660992,96,5,3;6,0,2,0,蚀之裂隙 21
2191206,E_Battlepass,2091021,30,10660992,96,5,3;6,0,2,0,蚀之裂隙 21
2191207,E_Battlepass,2091021,30,10660992,96,5,3;6,0,2,0,蚀之裂隙 21
2191211,E_Battlepass,2091022,30,10660992,96,5,3;6,0,2,0,蚀之裂隙 22
2191213,E_Battlepass,2091022,30,10660992,96,5,3;6,0,2,0,蚀之裂隙 22
2191214,E_Battlepass,2091022,30,10660992,96,5,3;6,0,2,0,蚀之裂隙 22
2191215,E_Battlepass,2091022,30,10660992,96,5,3;6,0,2,0,蚀之裂隙 22
2191216,E_Battlepass,2091022,30,10660992,96,5,3;6,0,2,0,蚀之裂隙 22
2191217,E_Battlepass,2091022,30,10660992,96,5,3;6,0,2,0,蚀之裂隙 22
2191221,E_Battlepass,2091023,30,10660992,96,5,3;6,0,2,0,蚀之裂隙 23
2191223,E_Battlepass,2091023,30,10660992,96,5,3;6,0,2,0,蚀之裂隙 23
2191224,E_Battlepass,2091023,30,10660992,96,5,3;6,0,2,0,蚀之裂隙 23
2191225,E_Battlepass,2091023,30,10660992,96,5,3;6,0,2,0,蚀之裂隙 23
2191226,E_Battlepass,2091023,30,10660992,96,5,3;6,0,2,0,蚀之裂隙 23
2191227,E_Battlepass,2091023,30,10660992,96,5,3;6,0,2,0,蚀之裂隙 23
2191231,E_Battlepass,2091024,30,10660992,96,5,3;6,0,2,0,蚀之裂隙 24
2191233,E_Battlepass,2091024,30,10660992,96,5,3;6,0,2,0,蚀之裂隙 24
2191234,E_Battlepass,2091024,30,10660992,96,5,3;6,0,2,0,蚀之裂隙 24
2191235,E_Battlepass,2091024,30,10660992,96,5,3;6,0,2,0,蚀之裂隙 24
2191236,E_Battlepass,2091024,30,10660992,96,5,3;6,0,2,0,蚀之裂隙 24
2191237,E_Battlepass,2091024,30,10660992,96,5,3;6,0,2,0,蚀之裂隙 24
2191241,E_Battlepass,2091025,30,10660992,96,5,3;6,0,2,0,蚀之裂隙 25
2191243,E_Battlepass,2091025,30,10660992,96,5,3;6,0,2,0,蚀之裂隙 25
2191244,E_Battlepass,2091025,30,10660992,96,5,3;6,0,2,0,蚀之裂隙 25
2191245,E_Battlepass,2091025,30,10660992,96,5,3;6,0,2,0,蚀之裂隙 25
2191246,E_Battlepass,2091025,30,10660992,96,5,3;6,0,2,0,蚀之裂隙 25
2191247,E_Battlepass,2091025,30,10660992,96,5,3;6,0,2,0,蚀之裂隙 25
2191251,E_Battlepass,2091026,30,10660992,96,5,3;6,0,2,0,蚀之裂隙 26
2191253,E_Battlepass,2091026,30,10660992,96,5,3;6,0,2,0,蚀之裂隙 26
2191254,E_Battlepass,2091026,30,10660992,96,5,3;6,0,2,0,蚀之裂隙 26
2191255,E_Battlepass,2091026,30,10660992,96,5,3;6,0,2,0,蚀之裂隙 26
2191256,E_Battlepass,2091026,30,10660992,96,5,3;6,0,2,0,蚀之裂隙 26
2191257,E_Battlepass,2091026,30,10660992,96,5,3;6,0,2,0,蚀之裂隙 26
2191261,E_Battlepass,2091027,30,10660992,96,5,3;6,0,2,0,蚀之裂隙 27
2191263,E_Battlepass,2091027,30,10660992,96,5,3;6,0,2,0,蚀之裂隙 27
2191264,E_Battlepass,2091027,30,10660992,96,5,3;6,0,2,0,蚀之裂隙 27
2191265,E_Battlepass,2091027,30,10660992,96,5,3;6,0,2,0,蚀之裂隙 27
2191266,E_Battlepass,2091027,30,10660992,96,5,3;6,0,2,0,蚀之裂隙 27
2191267,E_Battlepass,2091027,30,10660992,96,5,3;6,0,2,0,蚀之裂隙 27
2191271,E_Battlepass,2091028,30,10660992,96,5,3;6,0,2,0,蚀之裂隙 28
2191273,E_Battlepass,2091028,30,10660992,96,5,3;6,0,2,0,蚀之裂隙 28
2191274,E_Battlepass,2091028,30,10660992,96,5,3;6,0,2,0,蚀之裂隙 28
2191275,E_Battlepass,2091028,30,10660992,96,5,3;6,0,2,0,蚀之裂隙 28
2191276,E_Battlepass,2091028,30,10660992,96,5,3;6,0,2,0,蚀之裂隙 28
2191277,E_Battlepass,2091028,30,10660992,96,5,3;6,0,2,0,蚀之裂隙 28
2191281,E_Battlepass,2091029,30,10660992,96,5,3;6,0,2,0,蚀之裂隙 29
2191283,E_Battlepass,2091029,30,10660992,96,5,3;6,0,2,0,蚀之裂隙 29
2191284,E_Battlepass,2091029,30,10660992,96,5,3;6,0,2,0,蚀之裂隙 29
2191285,E_Battlepass,2091029,30,10660992,96,5,3;6,0,2,0,蚀之裂隙 29
2191286,E_Battlepass,2091029,30,10660992,96,5,3;6,0,2,0,蚀之裂隙 29
2191287,E_Battlepass,2091029,30,10660992,96,5,3;6,0,2,0,蚀之裂隙 29
2191291,E_Battlepass,2091030,30,10660992,96,5,3;6,0,2,0,蚀之裂隙 30
2191293,E_Battlepass,2091030,30,10660992,96,5,3;6,0,2,0,蚀之裂隙 30
2191294,E_Battlepass,2091030,30,10660992,96,5,3;6,0,2,0,蚀之裂隙 30
2191295,E_Battlepass,2091030,30,10660992,96,5,3;6,0,2,0,蚀之裂隙 30
2191296,E_Battlepass,2091030,30,10660992,96,5,3;6,0,2,0,蚀之裂隙 30
2191297,E_Battlepass,2091030,30,10660992,96,5,3;6,0,2,0,蚀之裂隙 30
2191301,E_Battlepass,2091031,30,10660993,96,5,3;6,0,2,0,蚀之裂隙 31
2191303,E_Battlepass,2091031,30,10660993,96,5,3;6,0,2,0,蚀之裂隙 31
2191304,E_Battlepass,2091031,30,10660993,96,5,3;6,0,2,0,蚀之裂隙 31
2191305,E_Battlepass,2091031,30,10660993,96,5,3;6,0,2,0,蚀之裂隙 31
2191306,E_Battlepass,2091031,30,10660993,96,5,3;6,0,2,0,蚀之裂隙 31
2191307,E_Battlepass,2091031,30,10660993,96,5,3;6,0,2,0,蚀之裂隙 31
2191311,E_Battlepass,2091032,30,10660993,96,5,3;6,0,2,0,蚀之裂隙 32
2191313,E_Battlepass,2091032,30,10660993,96,5,3;6,0,2,0,蚀之裂隙 32
2191314,E_Battlepass,2091032,30,10660993,96,5,3;6,0,2,0,蚀之裂隙 32
2191315,E_Battlepass,2091032,30,10660993,96,5,3;6,0,2,0,蚀之裂隙 32
2191316,E_Battlepass,2091032,30,10660993,96,5,3;6,0,2,0,蚀之裂隙 32
2191317,E_Battlepass,2091032,30,10660993,96,5,3;6,0,2,0,蚀之裂隙 32
2191321,E_Battlepass,2091033,30,10660993,96,5,3;6,0,2,0,蚀之裂隙 33
2191323,E_Battlepass,2091033,30,10660993,96,5,3;6,0,2,0,蚀之裂隙 33
2191324,E_Battlepass,2091033,30,10660993,96,5,3;6,0,2,0,蚀之裂隙 33
2191325,E_Battlepass,2091033,30,10660993,96,5,3;6,0,2,0,蚀之裂隙 33
2191326,E_Battlepass,2091033,30,10660993,96,5,3;6,0,2,0,蚀之裂隙 33
2191327,E_Battlepass,2091033,30,10660993,96,5,3;6,0,2,0,蚀之裂隙 33
2191331,E_Battlepass,2091034,30,10660993,96,5,3;6,0,2,0,蚀之裂隙 34
2191333,E_Battlepass,2091034,30,10660993,96,5,3;6,0,2,0,蚀之裂隙 34
2191334,E_Battlepass,2091034,30,10660993,96,5,3;6,0,2,0,蚀之裂隙 34
2191335,E_Battlepass,2091034,30,10660993,96,5,3;6,0,2,0,蚀之裂隙 34
2191336,E_Battlepass,2091034,30,10660993,96,5,3;6,0,2,0,蚀之裂隙 34
2191337,E_Battlepass,2091034,30,10660993,96,5,3;6,0,2,0,蚀之裂隙 34
2191341,E_Battlepass,2091035,30,10660993,96,5,3;6,0,2,0,蚀之裂隙 35
2191343,E_Battlepass,2091035,30,10660993,96,5,3;6,0,2,0,蚀之裂隙 35
2191344,E_Battlepass,2091035,30,10660993,96,5,3;6,0,2,0,蚀之裂隙 35
2191345,E_Battlepass,2091035,30,10660993,96,5,3;6,0,2,0,蚀之裂隙 35
2191346,E_Battlepass,2091035,30,10660993,96,5,3;6,0,2,0,蚀之裂隙 35
2191347,E_Battlepass,2091035,30,10660993,96,5,3;6,0,2,0,蚀之裂隙 35
2191351,E_Battlepass,2091036,30,10660993,96,5,3;6,0,2,0,蚀之裂隙 36
2191353,E_Battlepass,2091036,30,10660993,96,5,3;6,0,2,0,蚀之裂隙 36
2191354,E_Battlepass,2091036,30,10660993,96,5,3;6,0,2,0,蚀之裂隙 36
2191355,E_Battlepass,2091036,30,10660993,96,5,3;6,0,2,0,蚀之裂隙 36
2191356,E_Battlepass,2091036,30,10660993,96,5,3;6,0,2,0,蚀之裂隙 36
2191357,E_Battlepass,2091036,30,10660993,96,5,3;6,0,2,0,蚀之裂隙 36
2191361,E_Battlepass,2091037,30,10660993,96,5,3;6,0,2,0,蚀之裂隙 37
2191363,E_Battlepass,2091037,30,10660993,96,5,3;6,0,2,0,蚀之裂隙 37
2191364,E_Battlepass,2091037,30,10660993,96,5,3;6,0,2,0,蚀之裂隙 37
2191365,E_Battlepass,2091037,30,10660993,96,5,3;6,0,2,0,蚀之裂隙 37
2191366,E_Battlepass,2091037,30,10660993,96,5,3;6,0,2,0,蚀之裂隙 37
2191367,E_Battlepass,2091037,30,10660993,96,5,3;6,0,2,0,蚀之裂隙 37
2191371,E_Battlepass,2091038,30,10660993,96,5,3;6,0,2,0,蚀之裂隙 38
2191373,E_Battlepass,2091038,30,10660993,96,5,3;6,0,2,0,蚀之裂隙 38
2191374,E_Battlepass,2091038,30,10660993,96,5,3;6,0,2,0,蚀之裂隙 38
2191375,E_Battlepass,2091038,30,10660993,96,5,3;6,0,2,0,蚀之裂隙 38
2191376,E_Battlepass,2091038,30,10660993,96,5,3;6,0,2,0,蚀之裂隙 38
2191377,E_Battlepass,2091038,30,10660993,96,5,3;6,0,2,0,蚀之裂隙 38
2191381,E_Battlepass,2091039,30,10660993,96,5,3;6,0,2,0,蚀之裂隙 39
2191383,E_Battlepass,2091039,30,10660993,96,5,3;6,0,2,0,蚀之裂隙 39
2191384,E_Battlepass,2091039,30,10660993,96,5,3;6,0,2,0,蚀之裂隙 39
2191385,E_Battlepass,2091039,30,10660993,96,5,3;6,0,2,0,蚀之裂隙 39
2191386,E_Battlepass,2091039,30,10660993,96,5,3;6,0,2,0,蚀之裂隙 39
2191387,E_Battlepass,2091039,30,10660993,96,5,3;6,0,2,0,蚀之裂隙 39
2191391,E_Battlepass,2091040,30,10660993,96,5,3;6,0,2,0,蚀之裂隙 40
2191393,E_Battlepass,2091040,30,10660993,96,5,3;6,0,2,0,蚀之裂隙 40
2191394,E_Battlepass,2091040,30,10660993,96,5,3;6,0,2,0,蚀之裂隙 40
2191395,E_Battlepass,2091040,30,10660993,96,5,3;6,0,2,0,蚀之裂隙 40
2191396,E_Battlepass,2091040,30,10660993,96,5,3;6,0,2,0,蚀之裂隙 40
2191397,E_Battlepass,2091040,30,10660993,96,5,3;6,0,2,0,蚀之裂隙 40
2191401,E_Battlepass,2091041,30,10660994,96,5,3;6,0,2,0,蚀之裂隙 41
2191403,E_Battlepass,2091041,30,10660994,96,5,3;6,0,2,0,蚀之裂隙 41
2191404,E_Battlepass,2091041,30,10660994,96,5,3;6,0,2,0,蚀之裂隙 41
2191405,E_Battlepass,2091041,30,10660994,96,5,3;6,0,2,0,蚀之裂隙 41
2191406,E_Battlepass,2091041,30,10660994,96,5,3;6,0,2,0,蚀之裂隙 41
2191407,E_Battlepass,2091041,30,10660994,96,5,3;6,0,2,0,蚀之裂隙 41
2191411,E_Battlepass,2091042,30,10660994,96,5,3;6,0,2,0,蚀之裂隙 42
2191413,E_Battlepass,2091042,30,10660994,96,5,3;6,0,2,0,蚀之裂隙 42
2191414,E_Battlepass,2091042,30,10660994,96,5,3;6,0,2,0,蚀之裂隙 42
2191415,E_Battlepass,2091042,30,10660994,96,5,3;6,0,2,0,蚀之裂隙 42
2191416,E_Battlepass,2091042,30,10660994,96,5,3;6,0,2,0,蚀之裂隙 42
2191417,E_Battlepass,2091042,30,10660994,96,5,3;6,0,2,0,蚀之裂隙 42
2191421,E_Battlepass,2091043,30,10660994,96,5,3;6,0,2,0,蚀之裂隙 43
2191423,E_Battlepass,2091043,30,10660994,96,5,3;6,0,2,0,蚀之裂隙 43
2191424,E_Battlepass,2091043,30,10660994,96,5,3;6,0,2,0,蚀之裂隙 43
2191425,E_Battlepass,2091043,30,10660994,96,5,3;6,0,2,0,蚀之裂隙 43
2191426,E_Battlepass,2091043,30,10660994,96,5,3;6,0,2,0,蚀之裂隙 43
2191427,E_Battlepass,2091043,30,10660994,96,5,3;6,0,2,0,蚀之裂隙 43
2191431,E_Battlepass,2091044,30,10660994,96,5,3;6,0,2,0,蚀之裂隙 44
2191433,E_Battlepass,2091044,30,10660994,96,5,3;6,0,2,0,蚀之裂隙 44
2191434,E_Battlepass,2091044,30,10660994,96,5,3;6,0,2,0,蚀之裂隙 44
2191435,E_Battlepass,2091044,30,10660994,96,5,3;6,0,2,0,蚀之裂隙 44
2191436,E_Battlepass,2091044,30,10660994,96,5,3;6,0,2,0,蚀之裂隙 44
2191437,E_Battlepass,2091044,30,10660994,96,5,3;6,0,2,0,蚀之裂隙 44
2191441,E_Battlepass,2091045,30,10660994,96,5,3;6,0,2,0,蚀之裂隙 45
2191443,E_Battlepass,2091045,30,10660994,96,5,3;6,0,2,0,蚀之裂隙 45
2191444,E_Battlepass,2091045,30,10660994,96,5,3;6,0,2,0,蚀之裂隙 45
2191445,E_Battlepass,2091045,30,10660994,96,5,3;6,0,2,0,蚀之裂隙 45
2191446,E_Battlepass,2091045,30,10660994,96,5,3;6,0,2,0,蚀之裂隙 45
2191447,E_Battlepass,2091045,30,10660994,96,5,3;6,0,2,0,蚀之裂隙 45
2191451,E_Battlepass,2091046,30,10660994,96,5,3;6,0,2,0,蚀之裂隙 46
2191453,E_Battlepass,2091046,30,10660994,96,5,3;6,0,2,0,蚀之裂隙 46
2191454,E_Battlepass,2091046,30,10660994,96,5,3;6,0,2,0,蚀之裂隙 46
2191455,E_Battlepass,2091046,30,10660994,96,5,3;6,0,2,0,蚀之裂隙 46
2191456,E_Battlepass,2091046,30,10660994,96,5,3;6,0,2,0,蚀之裂隙 46
2191457,E_Battlepass,2091046,30,10660994,96,5,3;6,0,2,0,蚀之裂隙 46
2191461,E_Battlepass,2091047,30,10660994,96,5,3;6,0,2,0,蚀之裂隙 47
2191463,E_Battlepass,2091047,30,10660994,96,5,3;6,0,2,0,蚀之裂隙 47
2191464,E_Battlepass,2091047,30,10660994,96,5,3;6,0,2,0,蚀之裂隙 47
2191465,E_Battlepass,2091047,30,10660994,96,5,3;6,0,2,0,蚀之裂隙 47
2191466,E_Battlepass,2091047,30,10660994,96,5,3;6,0,2,0,蚀之裂隙 47
2191467,E_Battlepass,2091047,30,10660994,96,5,3;6,0,2,0,蚀之裂隙 47
2191471,E_Battlepass,2091048,30,10660994,96,5,3;6,0,2,0,蚀之裂隙 48
2191473,E_Battlepass,2091048,30,10660994,96,5,3;6,0,2,0,蚀之裂隙 48
2191474,E_Battlepass,2091048,30,10660994,96,5,3;6,0,2,0,蚀之裂隙 48
2191475,E_Battlepass,2091048,30,10660994,96,5,3;6,0,2,0,蚀之裂隙 48
2191476,E_Battlepass,2091048,30,10660994,96,5,3;6,0,2,0,蚀之裂隙 48
2191477,E_Battlepass,2091048,30,10660994,96,5,3;6,0,2,0,蚀之裂隙 48
2191481,E_Battlepass,2091049,30,10660994,96,5,3;6,0,2,0,蚀之裂隙 49
2191483,E_Battlepass,2091049,30,10660994,96,5,3;6,0,2,0,蚀之裂隙 49
2191484,E_Battlepass,2091049,30,10660994,96,5,3;6,0,2,0,蚀之裂隙 49
2191485,E_Battlepass,2091049,30,10660994,96,5,3;6,0,2,0,蚀之裂隙 49
2191486,E_Battlepass,2091049,30,10660994,96,5,3;6,0,2,0,蚀之裂隙 49
2191487,E_Battlepass,2091049,30,10660994,96,5,3;6,0,2,0,蚀之裂隙 49
2191491,E_Battlepass,2091050,30,10660994,96,5,3;6,0,2,0,蚀之裂隙 50
2191493,E_Battlepass,2091050,30,10660994,96,5,3;6,0,2,0,蚀之裂隙 50
2191494,E_Battlepass,2091050,30,10660994,96,5,3;6,0,2,0,蚀之裂隙 50
2191495,E_Battlepass,2091050,30,10660994,96,5,3;6,0,2,0,蚀之裂隙 50
2191496,E_Battlepass,2091050,30,10660994,96,5,3;6,0,2,0,蚀之裂隙 50
2191497,E_Battlepass,2091050,30,10660994,96,5,3;6,0,2,0,蚀之裂隙 50
2191501,E_Battlepass,2091051,30,10660995,96,5,3;6,0,2,0,蚀之裂隙 51
2191503,E_Battlepass,2091051,30,10660995,96,5,3;6,0,2,0,蚀之裂隙 51
2191504,E_Battlepass,2091051,30,10660995,96,5,3;6,0,2,0,蚀之裂隙 51
2191505,E_Battlepass,2091051,30,10660995,96,5,3;6,0,2,0,蚀之裂隙 51
2191506,E_Battlepass,2091051,30,10660995,96,5,3;6,0,2,0,蚀之裂隙 51
2191507,E_Battlepass,2091051,30,10660995,96,5,3;6,0,2,0,蚀之裂隙 51
2191511,E_Battlepass,2091052,30,10660995,96,5,3;6,0,2,0,蚀之裂隙 52
2191513,E_Battlepass,2091052,30,10660995,96,5,3;6,0,2,0,蚀之裂隙 52
2191514,E_Battlepass,2091052,30,10660995,96,5,3;6,0,2,0,蚀之裂隙 52
2191515,E_Battlepass,2091052,30,10660995,96,5,3;6,0,2,0,蚀之裂隙 52
2191516,E_Battlepass,2091052,30,10660995,96,5,3;6,0,2,0,蚀之裂隙 52
2191517,E_Battlepass,2091052,30,10660995,96,5,3;6,0,2,0,蚀之裂隙 52
2191521,E_Battlepass,2091053,30,10660995,96,5,3;6,0,2,0,蚀之裂隙 53
2191523,E_Battlepass,2091053,30,10660995,96,5,3;6,0,2,0,蚀之裂隙 53
2191524,E_Battlepass,2091053,30,10660995,96,5,3;6,0,2,0,蚀之裂隙 53
2191525,E_Battlepass,2091053,30,10660995,96,5,3;6,0,2,0,蚀之裂隙 53
2191526,E_Battlepass,2091053,30,10660995,96,5,3;6,0,2,0,蚀之裂隙 53
2191527,E_Battlepass,2091053,30,10660995,96,5,3;6,0,2,0,蚀之裂隙 53
2191531,E_Battlepass,2091054,30,10660995,96,5,3;6,0,2,0,蚀之裂隙 54
2191533,E_Battlepass,2091054,30,10660995,96,5,3;6,0,2,0,蚀之裂隙 54
2191534,E_Battlepass,2091054,30,10660995,96,5,3;6,0,2,0,蚀之裂隙 54
2191535,E_Battlepass,2091054,30,10660995,96,5,3;6,0,2,0,蚀之裂隙 54
2191536,E_Battlepass,2091054,30,10660995,96,5,3;6,0,2,0,蚀之裂隙 54
2191537,E_Battlepass,2091054,30,10660995,96,5,3;6,0,2,0,蚀之裂隙 54
2191541,E_Battlepass,2091055,30,10660995,96,5,3;6,0,2,0,蚀之裂隙 55
2191543,E_Battlepass,2091055,30,10660995,96,5,3;6,0,2,0,蚀之裂隙 55
2191544,E_Battlepass,2091055,30,10660995,96,5,3;6,0,2,0,蚀之裂隙 55
2191545,E_Battlepass,2091055,30,10660995,96,5,3;6,0,2,0,蚀之裂隙 55
2191546,E_Battlepass,2091055,30,10660995,96,5,3;6,0,2,0,蚀之裂隙 55
2191547,E_Battlepass,2091055,30,10660995,96,5,3;6,0,2,0,蚀之裂隙 55
2191551,E_Battlepass,2091056,30,10660995,96,5,3;6,0,2,0,蚀之裂隙 56
2191553,E_Battlepass,2091056,30,10660995,96,5,3;6,0,2,0,蚀之裂隙 56
2191554,E_Battlepass,2091056,30,10660995,96,5,3;6,0,2,0,蚀之裂隙 56
2191555,E_Battlepass,2091056,30,10660995,96,5,3;6,0,2,0,蚀之裂隙 56
2191556,E_Battlepass,2091056,30,10660995,96,5,3;6,0,2,0,蚀之裂隙 56
2191557,E_Battlepass,2091056,30,10660995,96,5,3;6,0,2,0,蚀之裂隙 56
2191561,E_Battlepass,2091057,30,10660995,96,5,3;6,0,2,0,蚀之裂隙 57
2191563,E_Battlepass,2091057,30,10660995,96,5,3;6,0,2,0,蚀之裂隙 57
2191564,E_Battlepass,2091057,30,10660995,96,5,3;6,0,2,0,蚀之裂隙 57
2191565,E_Battlepass,2091057,30,10660995,96,5,3;6,0,2,0,蚀之裂隙 57
2191566,E_Battlepass,2091057,30,10660995,96,5,3;6,0,2,0,蚀之裂隙 57
2191567,E_Battlepass,2091057,30,10660995,96,5,3;6,0,2,0,蚀之裂隙 57
2191571,E_Battlepass,2091058,30,10660995,96,5,3;6,0,2,0,蚀之裂隙 58
2191573,E_Battlepass,2091058,30,10660995,96,5,3;6,0,2,0,蚀之裂隙 58
2191574,E_Battlepass,2091058,30,10660995,96,5,3;6,0,2,0,蚀之裂隙 58
2191575,E_Battlepass,2091058,30,10660995,96,5,3;6,0,2,0,蚀之裂隙 58
2191576,E_Battlepass,2091058,30,10660995,96,5,3;6,0,2,0,蚀之裂隙 58
2191577,E_Battlepass,2091058,30,10660995,96,5,3;6,0,2,0,蚀之裂隙 58
2191581,E_Battlepass,2091059,30,10660995,96,5,3;6,0,2,0,蚀之裂隙 59
2191583,E_Battlepass,2091059,30,10660995,96,5,3;6,0,2,0,蚀之裂隙 59
2191584,E_Battlepass,2091059,30,10660995,96,5,3;6,0,2,0,蚀之裂隙 59
2191585,E_Battlepass,2091059,30,10660995,96,5,3;6,0,2,0,蚀之裂隙 59
2191586,E_Battlepass,2091059,30,10660995,96,5,3;6,0,2,0,蚀之裂隙 59
2191587,E_Battlepass,2091059,30,10660995,96,5,3;6,0,2,0,蚀之裂隙 59
2191591,E_Battlepass,2091060,30,10660995,96,5,3;6,0,2,0,蚀之裂隙 60
2191593,E_Battlepass,2091060,30,10660995,96,5,3;6,0,2,0,蚀之裂隙 60
2191594,E_Battlepass,2091060,30,10660995,96,5,3;6,0,2,0,蚀之裂隙 60
2191595,E_Battlepass,2091060,30,10660995,96,5,3;6,0,2,0,蚀之裂隙 60
2191596,E_Battlepass,2091060,30,10660995,96,5,3;6,0,2,0,蚀之裂隙 60
2191597,E_Battlepass,2091060,30,10660995,96,5,3;6,0,2,0,蚀之裂隙 60
2191601,E_Battlepass,2091061,30,10660996,96,5,3;6,0,2,0,蚀之裂隙 61
2191603,E_Battlepass,2091061,30,10660996,96,5,3;6,0,2,0,蚀之裂隙 61
2191604,E_Battlepass,2091061,30,10660996,96,5,3;6,0,2,0,蚀之裂隙 61
2191605,E_Battlepass,2091061,30,10660996,96,5,3;6,0,2,0,蚀之裂隙 61
2191606,E_Battlepass,2091061,30,10660996,96,5,3;6,0,2,0,蚀之裂隙 61
2191607,E_Battlepass,2091061,30,10660996,96,5,3;6,0,2,0,蚀之裂隙 61
2191611,E_Battlepass,2091062,30,10660996,96,5,3;6,0,2,0,蚀之裂隙 62
2191613,E_Battlepass,2091062,30,10660996,96,5,3;6,0,2,0,蚀之裂隙 62
2191614,E_Battlepass,2091062,30,10660996,96,5,3;6,0,2,0,蚀之裂隙 62
2191615,E_Battlepass,2091062,30,10660996,96,5,3;6,0,2,0,蚀之裂隙 62
2191616,E_Battlepass,2091062,30,10660996,96,5,3;6,0,2,0,蚀之裂隙 62
2191617,E_Battlepass,2091062,30,10660996,96,5,3;6,0,2,0,蚀之裂隙 62
2191621,E_Battlepass,2091063,30,10660996,96,5,3;6,0,2,0,蚀之裂隙 63
2191623,E_Battlepass,2091063,30,10660996,96,5,3;6,0,2,0,蚀之裂隙 63
2191624,E_Battlepass,2091063,30,10660996,96,5,3;6,0,2,0,蚀之裂隙 63
2191625,E_Battlepass,2091063,30,10660996,96,5,3;6,0,2,0,蚀之裂隙 63
2191626,E_Battlepass,2091063,30,10660996,96,5,3;6,0,2,0,蚀之裂隙 63
2191627,E_Battlepass,2091063,30,10660996,96,5,3;6,0,2,0,蚀之裂隙 63
2191631,E_Battlepass,2091064,30,10660996,96,5,3;6,0,2,0,蚀之裂隙 64
2191633,E_Battlepass,2091064,30,10660996,96,5,3;6,0,2,0,蚀之裂隙 64
2191634,E_Battlepass,2091064,30,10660996,96,5,3;6,0,2,0,蚀之裂隙 64
2191635,E_Battlepass,2091064,30,10660996,96,5,3;6,0,2,0,蚀之裂隙 64
2191636,E_Battlepass,2091064,30,10660996,96,5,3;6,0,2,0,蚀之裂隙 64
2191637,E_Battlepass,2091064,30,10660996,96,5,3;6,0,2,0,蚀之裂隙 64
2191641,E_Battlepass,2091065,30,10660996,96,5,3;6,0,2,0,蚀之裂隙 65
2191643,E_Battlepass,2091065,30,10660996,96,5,3;6,0,2,0,蚀之裂隙 65
2191644,E_Battlepass,2091065,30,10660996,96,5,3;6,0,2,0,蚀之裂隙 65
2191645,E_Battlepass,2091065,30,10660996,96,5,3;6,0,2,0,蚀之裂隙 65
2191646,E_Battlepass,2091065,30,10660996,96,5,3;6,0,2,0,蚀之裂隙 65
2191647,E_Battlepass,2091065,30,10660996,96,5,3;6,0,2,0,蚀之裂隙 65
2191651,E_Battlepass,2091066,30,10660996,96,5,3;6,0,2,0,蚀之裂隙 66
2191653,E_Battlepass,2091066,30,10660996,96,5,3;6,0,2,0,蚀之裂隙 66
2191654,E_Battlepass,2091066,30,10660996,96,5,3;6,0,2,0,蚀之裂隙 66
2191655,E_Battlepass,2091066,30,10660996,96,5,3;6,0,2,0,蚀之裂隙 66
2191656,E_Battlepass,2091066,30,10660996,96,5,3;6,0,2,0,蚀之裂隙 66
2191657,E_Battlepass,2091066,30,10660996,96,5,3;6,0,2,0,蚀之裂隙 66
2191661,E_Battlepass,2091067,30,10660996,96,5,3;6,0,2,0,蚀之裂隙 67
2191663,E_Battlepass,2091067,30,10660996,96,5,3;6,0,2,0,蚀之裂隙 67
2191664,E_Battlepass,2091067,30,10660996,96,5,3;6,0,2,0,蚀之裂隙 67
2191665,E_Battlepass,2091067,30,10660996,96,5,3;6,0,2,0,蚀之裂隙 67
2191666,E_Battlepass,2091067,30,10660996,96,5,3;6,0,2,0,蚀之裂隙 67
2191667,E_Battlepass,2091067,30,10660996,96,5,3;6,0,2,0,蚀之裂隙 67
2191671,E_Battlepass,2091068,30,10660996,96,5,3;6,0,2,0,蚀之裂隙 68
2191673,E_Battlepass,2091068,30,10660996,96,5,3;6,0,2,0,蚀之裂隙 68
2191674,E_Battlepass,2091068,30,10660996,96,5,3;6,0,2,0,蚀之裂隙 68
2191675,E_Battlepass,2091068,30,10660996,96,5,3;6,0,2,0,蚀之裂隙 68
2191676,E_Battlepass,2091068,30,10660996,96,5,3;6,0,2,0,蚀之裂隙 68
2191677,E_Battlepass,2091068,30,10660996,96,5,3;6,0,2,0,蚀之裂隙 68
2191681,E_Battlepass,2091069,30,10660996,96,5,3;6,0,2,0,蚀之裂隙 69
2191683,E_Battlepass,2091069,30,10660996,96,5,3;6,0,2,0,蚀之裂隙 69
2191684,E_Battlepass,2091069,30,10660996,96,5,3;6,0,2,0,蚀之裂隙 69
2191685,E_Battlepass,2091069,30,10660996,96,5,3;6,0,2,0,蚀之裂隙 69
2191686,E_Battlepass,2091069,30,10660996,96,5,3;6,0,2,0,蚀之裂隙 69
2191687,E_Battlepass,2091069,30,10660996,96,5,3;6,0,2,0,蚀之裂隙 69
2191691,E_Battlepass,2091070,30,10660996,96,5,3;6,0,2,0,蚀之裂隙 70
2191693,E_Battlepass,2091070,30,10660996,96,5,3;6,0,2,0,蚀之裂隙 70
2191694,E_Battlepass,2091070,30,10660996,96,5,3;6,0,2,0,蚀之裂隙 70
2191695,E_Battlepass,2091070,30,10660996,96,5,3;6,0,2,0,蚀之裂隙 70
2191696,E_Battlepass,2091070,30,10660996,96,5,3;6,0,2,0,蚀之裂隙 70
2191697,E_Battlepass,2091070,30,10660996,96,5,3;6,0,2,0,蚀之裂隙 70
2191701,E_Battlepass,2091071,30,10660997,96,5,3;6,0,2,0,蚀之裂隙 71
2191703,E_Battlepass,2091071,30,10660997,96,5,3;6,0,2,0,蚀之裂隙 71
2191704,E_Battlepass,2091071,30,10660997,96,5,3;6,0,2,0,蚀之裂隙 71
2191705,E_Battlepass,2091071,30,10660997,96,5,3;6,0,2,0,蚀之裂隙 71
2191706,E_Battlepass,2091071,30,10660997,96,5,3;6,0,2,0,蚀之裂隙 71
2191707,E_Battlepass,2091071,30,10660997,96,5,3;6,0,2,0,蚀之裂隙 71
2191711,E_Battlepass,2091072,30,10660997,96,5,3;6,0,2,0,蚀之裂隙 72
2191713,E_Battlepass,2091072,30,10660997,96,5,3;6,0,2,0,蚀之裂隙 72
2191714,E_Battlepass,2091072,30,10660997,96,5,3;6,0,2,0,蚀之裂隙 72
2191715,E_Battlepass,2091072,30,10660997,96,5,3;6,0,2,0,蚀之裂隙 72
2191716,E_Battlepass,2091072,30,10660997,96,5,3;6,0,2,0,蚀之裂隙 72
2191717,E_Battlepass,2091072,30,10660997,96,5,3;6,0,2,0,蚀之裂隙 72
2191721,E_Battlepass,2091073,30,10660997,96,5,3;6,0,2,0,蚀之裂隙 73
2191723,E_Battlepass,2091073,30,10660997,96,5,3;6,0,2,0,蚀之裂隙 73
2191724,E_Battlepass,2091073,30,10660997,96,5,3;6,0,2,0,蚀之裂隙 73
2191725,E_Battlepass,2091073,30,10660997,96,5,3;6,0,2,0,蚀之裂隙 73
2191726,E_Battlepass,2091073,30,10660997,96,5,3;6,0,2,0,蚀之裂隙 73
2191727,E_Battlepass,2091073,30,10660997,96,5,3;6,0,2,0,蚀之裂隙 73
2191731,E_Battlepass,2091074,30,10660997,96,5,3;6,0,2,0,蚀之裂隙 74
2191733,E_Battlepass,2091074,30,10660997,96,5,3;6,0,2,0,蚀之裂隙 74
2191734,E_Battlepass,2091074,30,10660997,96,5,3;6,0,2,0,蚀之裂隙 74
2191735,E_Battlepass,2091074,30,10660997,96,5,3;6,0,2,0,蚀之裂隙 74
2191736,E_Battlepass,2091074,30,10660997,96,5,3;6,0,2,0,蚀之裂隙 74
2191737,E_Battlepass,2091074,30,10660997,96,5,3;6,0,2,0,蚀之裂隙 74
2191741,E_Battlepass,2091075,30,10660997,96,5,3;6,0,2,0,蚀之裂隙 75
2191743,E_Battlepass,2091075,30,10660997,96,5,3;6,0,2,0,蚀之裂隙 75
2191744,E_Battlepass,2091075,30,10660997,96,5,3;6,0,2,0,蚀之裂隙 75
2191745,E_Battlepass,2091075,30,10660997,96,5,3;6,0,2,0,蚀之裂隙 75
2191746,E_Battlepass,2091075,30,10660997,96,5,3;6,0,2,0,蚀之裂隙 75
2191747,E_Battlepass,2091075,30,10660997,96,5,3;6,0,2,0,蚀之裂隙 75
2191751,E_Battlepass,2091076,30,10660997,96,5,3;6,0,2,0,蚀之裂隙 76
2191753,E_Battlepass,2091076,30,10660997,96,5,3;6,0,2,0,蚀之裂隙 76
2191754,E_Battlepass,2091076,30,10660997,96,5,3;6,0,2,0,蚀之裂隙 76
2191755,E_Battlepass,2091076,30,10660997,96,5,3;6,0,2,0,蚀之裂隙 76
2191756,E_Battlepass,2091076,30,10660997,96,5,3;6,0,2,0,蚀之裂隙 76
2191757,E_Battlepass,2091076,30,10660997,96,5,3;6,0,2,0,蚀之裂隙 76
2191761,E_Battlepass,2091077,30,10660997,96,5,3;6,0,2,0,蚀之裂隙 77
2191763,E_Battlepass,2091077,30,10660997,96,5,3;6,0,2,0,蚀之裂隙 77
2191764,E_Battlepass,2091077,30,10660997,96,5,3;6,0,2,0,蚀之裂隙 77
2191765,E_Battlepass,2091077,30,10660997,96,5,3;6,0,2,0,蚀之裂隙 77
2191766,E_Battlepass,2091077,30,10660997,96,5,3;6,0,2,0,蚀之裂隙 77
2191767,E_Battlepass,2091077,30,10660997,96,5,3;6,0,2,0,蚀之裂隙 77
2191771,E_Battlepass,2091078,30,10660997,96,5,3;6,0,2,0,蚀之裂隙 78
2191773,E_Battlepass,2091078,30,10660997,96,5,3;6,0,2,0,蚀之裂隙 78
2191774,E_Battlepass,2091078,30,10660997,96,5,3;6,0,2,0,蚀之裂隙 78
2191775,E_Battlepass,2091078,30,10660997,96,5,3;6,0,2,0,蚀之裂隙 78
2191776,E_Battlepass,2091078,30,10660997,96,5,3;6,0,2,0,蚀之裂隙 78
2191777,E_Battlepass,2091078,30,10660997,96,5,3;6,0,2,0,蚀之裂隙 78
2191781,E_Battlepass,2091079,30,10660997,96,5,3;6,0,2,0,蚀之裂隙 79
2191783,E_Battlepass,2091079,30,10660997,96,5,3;6,0,2,0,蚀之裂隙 79
2191784,E_Battlepass,2091079,30,10660997,96,5,3;6,0,2,0,蚀之裂隙 79
2191785,E_Battlepass,2091079,30,10660997,96,5,3;6,0,2,0,蚀之裂隙 79
2191786,E_Battlepass,2091079,30,10660997,96,5,3;6,0,2,0,蚀之裂隙 79
2191787,E_Battlepass,2091079,30,10660997,96,5,3;6,0,2,0,蚀之裂隙 79
2191791,E_Battlepass,2091080,30,10660997,96,5,3;6,0,2,0,蚀之裂隙 80
2191793,E_Battlepass,2091080,30,10660997,96,5,3;6,0,2,0,蚀之裂隙 80
2191794,E_Battlepass,2091080,30,10660997,96,5,3;6,0,2,0,蚀之裂隙 80
2191795,E_Battlepass,2091080,30,10660997,96,5,3;6,0,2,0,蚀之裂隙 80
2191796,E_Battlepass,2091080,30,10660997,96,5,3;6,0,2,0,蚀之裂隙 80
2191797,E_Battlepass,2091080,30,10660997,96,5,3;6,0,2,0,蚀之裂隙 80
2191801,E_Battlepass,2091081,30,10660998,96,5,3;6,0,2,0,蚀之裂隙 81
2191803,E_Battlepass,2091081,30,10660998,96,5,3;6,0,2,0,蚀之裂隙 81
2191804,E_Battlepass,2091081,30,10660998,96,5,3;6,0,2,0,蚀之裂隙 81
2191805,E_Battlepass,2091081,30,10660998,96,5,3;6,0,2,0,蚀之裂隙 81
2191806,E_Battlepass,2091081,30,10660998,96,5,3;6,0,2,0,蚀之裂隙 81
2191807,E_Battlepass,2091081,30,10660998,96,5,3;6,0,2,0,蚀之裂隙 81
2191811,E_Battlepass,2091082,30,10660998,96,5,3;6,0,2,0,蚀之裂隙 82
2191813,E_Battlepass,2091082,30,10660998,96,5,3;6,0,2,0,蚀之裂隙 82
2191814,E_Battlepass,2091082,30,10660998,96,5,3;6,0,2,0,蚀之裂隙 82
2191815,E_Battlepass,2091082,30,10660998,96,5,3;6,0,2,0,蚀之裂隙 82
2191816,E_Battlepass,2091082,30,10660998,96,5,3;6,0,2,0,蚀之裂隙 82
2191817,E_Battlepass,2091082,30,10660998,96,5,3;6,0,2,0,蚀之裂隙 82
2191821,E_Battlepass,2091083,30,10660998,96,5,3;6,0,2,0,蚀之裂隙 83
2191823,E_Battlepass,2091083,30,10660998,96,5,3;6,0,2,0,蚀之裂隙 83
2191824,E_Battlepass,2091083,30,10660998,96,5,3;6,0,2,0,蚀之裂隙 83
2191825,E_Battlepass,2091083,30,10660998,96,5,3;6,0,2,0,蚀之裂隙 83
2191826,E_Battlepass,2091083,30,10660998,96,5,3;6,0,2,0,蚀之裂隙 83
2191827,E_Battlepass,2091083,30,10660998,96,5,3;6,0,2,0,蚀之裂隙 83
2191831,E_Battlepass,2091084,30,10660998,96,5,3;6,0,2,0,蚀之裂隙 84
2191833,E_Battlepass,2091084,30,10660998,96,5,3;6,0,2,0,蚀之裂隙 84
2191834,E_Battlepass,2091084,30,10660998,96,5,3;6,0,2,0,蚀之裂隙 84
2191835,E_Battlepass,2091084,30,10660998,96,5,3;6,0,2,0,蚀之裂隙 84
2191836,E_Battlepass,2091084,30,10660998,96,5,3;6,0,2,0,蚀之裂隙 84
2191837,E_Battlepass,2091084,30,10660998,96,5,3;6,0,2,0,蚀之裂隙 84
2191841,E_Battlepass,2091085,30,10660998,96,5,3;6,0,2,0,蚀之裂隙 85
2191843,E_Battlepass,2091085,30,10660998,96,5,3;6,0,2,0,蚀之裂隙 85
2191844,E_Battlepass,2091085,30,10660998,96,5,3;6,0,2,0,蚀之裂隙 85
2191845,E_Battlepass,2091085,30,10660998,96,5,3;6,0,2,0,蚀之裂隙 85
2191846,E_Battlepass,2091085,30,10660998,96,5,3;6,0,2,0,蚀之裂隙 85
2191847,E_Battlepass,2091085,30,10660998,96,5,3;6,0,2,0,蚀之裂隙 85
2191851,E_Battlepass,2091086,30,10660998,96,5,3;6,0,2,0,蚀之裂隙 86
2191853,E_Battlepass,2091086,30,10660998,96,5,3;6,0,2,0,蚀之裂隙 86
2191854,E_Battlepass,2091086,30,10660998,96,5,3;6,0,2,0,蚀之裂隙 86
2191855,E_Battlepass,2091086,30,10660998,96,5,3;6,0,2,0,蚀之裂隙 86
2191856,E_Battlepass,2091086,30,10660998,96,5,3;6,0,2,0,蚀之裂隙 86
2191857,E_Battlepass,2091086,30,10660998,96,5,3;6,0,2,0,蚀之裂隙 86
2191861,E_Battlepass,2091087,30,10660998,96,5,3;6,0,2,0,蚀之裂隙 87
2191863,E_Battlepass,2091087,30,10660998,96,5,3;6,0,2,0,蚀之裂隙 87
2191864,E_Battlepass,2091087,30,10660998,96,5,3;6,0,2,0,蚀之裂隙 87
2191865,E_Battlepass,2091087,30,10660998,96,5,3;6,0,2,0,蚀之裂隙 87
2191866,E_Battlepass,2091087,30,10660998,96,5,3;6,0,2,0,蚀之裂隙 87
2191867,E_Battlepass,2091087,30,10660998,96,5,3;6,0,2,0,蚀之裂隙 87
2191871,E_Battlepass,2091088,30,10660998,96,5,3;6,0,2,0,蚀之裂隙 88
2191873,E_Battlepass,2091088,30,10660998,96,5,3;6,0,2,0,蚀之裂隙 88
2191874,E_Battlepass,2091088,30,10660998,96,5,3;6,0,2,0,蚀之裂隙 88
2191875,E_Battlepass,2091088,30,10660998,96,5,3;6,0,2,0,蚀之裂隙 88
2191876,E_Battlepass,2091088,30,10660998,96,5,3;6,0,2,0,蚀之裂隙 88
2191877,E_Battlepass,2091088,30,10660998,96,5,3;6,0,2,0,蚀之裂隙 88
2191881,E_Battlepass,2091089,30,10660998,96,5,3;6,0,2,0,蚀之裂隙 89
2191883,E_Battlepass,2091089,30,10660998,96,5,3;6,0,2,0,蚀之裂隙 89
2191884,E_Battlepass,2091089,30,10660998,96,5,3;6,0,2,0,蚀之裂隙 89
2191885,E_Battlepass,2091089,30,10660998,96,5,3;6,0,2,0,蚀之裂隙 89
2191886,E_Battlepass,2091089,30,10660998,96,5,3;6,0,2,0,蚀之裂隙 89
2191887,E_Battlepass,2091089,30,10660998,96,5,3;6,0,2,0,蚀之裂隙 89
2191891,E_Battlepass,2091090,30,10660998,96,5,3;6,0,2,0,蚀之裂隙 90
2191893,E_Battlepass,2091090,30,10660998,96,5,3;6,0,2,0,蚀之裂隙 90
2191894,E_Battlepass,2091090,30,10660998,96,5,3;6,0,2,0,蚀之裂隙 90
2191895,E_Battlepass,2091090,30,10660998,96,5,3;6,0,2,0,蚀之裂隙 90
2191896,E_Battlepass,2091090,30,10660998,96,5,3;6,0,2,0,蚀之裂隙 90
2191897,E_Battlepass,2091090,30,10660998,96,5,3;6,0,2,0,蚀之裂隙 90
2191901,E_Battlepass,2091091,30,10660999,96,5,3;6,0,2,0,蚀之裂隙 91
2191903,E_Battlepass,2091091,30,10660999,96,5,3;6,0,2,0,蚀之裂隙 91
2191904,E_Battlepass,2091091,30,10660999,96,5,3;6,0,2,0,蚀之裂隙 91
2191905,E_Battlepass,2091091,30,10660999,96,5,3;6,0,2,0,蚀之裂隙 91
2191906,E_Battlepass,2091091,30,10660999,96,5,3;6,0,2,0,蚀之裂隙 91
2191907,E_Battlepass,2091091,30,10660999,96,5,3;6,0,2,0,蚀之裂隙 91
2191911,E_Battlepass,2091092,30,10660999,96,5,3;6,0,2,0,蚀之裂隙 92
2191913,E_Battlepass,2091092,30,10660999,96,5,3;6,0,2,0,蚀之裂隙 92
2191914,E_Battlepass,2091092,30,10660999,96,5,3;6,0,2,0,蚀之裂隙 92
2191915,E_Battlepass,2091092,30,10660999,96,5,3;6,0,2,0,蚀之裂隙 92
2191916,E_Battlepass,2091092,30,10660999,96,5,3;6,0,2,0,蚀之裂隙 92
2191917,E_Battlepass,2091092,30,10660999,96,5,3;6,0,2,0,蚀之裂隙 92
2191921,E_Battlepass,2091093,30,10660999,96,5,3;6,0,2,0,蚀之裂隙 93
2191923,E_Battlepass,2091093,30,10660999,96,5,3;6,0,2,0,蚀之裂隙 93
2191924,E_Battlepass,2091093,30,10660999,96,5,3;6,0,2,0,蚀之裂隙 93
2191925,E_Battlepass,2091093,30,10660999,96,5,3;6,0,2,0,蚀之裂隙 93
2191926,E_Battlepass,2091093,30,10660999,96,5,3;6,0,2,0,蚀之裂隙 93
2191927,E_Battlepass,2091093,30,10660999,96,5,3;6,0,2,0,蚀之裂隙 93
2191931,E_Battlepass,2091094,30,10660999,96,5,3;6,0,2,0,蚀之裂隙 94
2191933,E_Battlepass,2091094,30,10660999,96,5,3;6,0,2,0,蚀之裂隙 94
2191934,E_Battlepass,2091094,30,10660999,96,5,3;6,0,2,0,蚀之裂隙 94
2191935,E_Battlepass,2091094,30,10660999,96,5,3;6,0,2,0,蚀之裂隙 94
2191936,E_Battlepass,2091094,30,10660999,96,5,3;6,0,2,0,蚀之裂隙 94
2191937,E_Battlepass,2091094,30,10660999,96,5,3;6,0,2,0,蚀之裂隙 94
2191941,E_Battlepass,2091095,30,10660999,96,5,3;6,0,2,0,蚀之裂隙 95
2191943,E_Battlepass,2091095,30,10660999,96,5,3;6,0,2,0,蚀之裂隙 95
2191944,E_Battlepass,2091095,30,10660999,96,5,3;6,0,2,0,蚀之裂隙 95
2191945,E_Battlepass,2091095,30,10660999,96,5,3;6,0,2,0,蚀之裂隙 95
2191946,E_Battlepass,2091095,30,10660999,96,5,3;6,0,2,0,蚀之裂隙 95
2191947,E_Battlepass,2091095,30,10660999,96,5,3;6,0,2,0,蚀之裂隙 95
2191951,E_Battlepass,2091096,30,10660999,96,5,3;6,0,2,0,蚀之裂隙 96
2191953,E_Battlepass,2091096,30,10660999,96,5,3;6,0,2,0,蚀之裂隙 96
2191954,E_Battlepass,2091096,30,10660999,96,5,3;6,0,2,0,蚀之裂隙 96
2191955,E_Battlepass,2091096,30,10660999,96,5,3;6,0,2,0,蚀之裂隙 96
2191956,E_Battlepass,2091096,30,10660999,96,5,3;6,0,2,0,蚀之裂隙 96
2191957,E_Battlepass,2091096,30,10660999,96,5,3;6,0,2,0,蚀之裂隙 96
2191961,E_Battlepass,2091097,30,10660999,96,5,3;6,0,2,0,蚀之裂隙 97
2191963,E_Battlepass,2091097,30,10660999,96,5,3;6,0,2,0,蚀之裂隙 97
2191964,E_Battlepass,2091097,30,10660999,96,5,3;6,0,2,0,蚀之裂隙 97
2191965,E_Battlepass,2091097,30,10660999,96,5,3;6,0,2,0,蚀之裂隙 97
2191966,E_Battlepass,2091097,30,10660999,96,5,3;6,0,2,0,蚀之裂隙 97
2191967,E_Battlepass,2091097,30,10660999,96,5,3;6,0,2,0,蚀之裂隙 97
2191971,E_Battlepass,2091098,30,10660999,96,5,3;6,0,2,0,蚀之裂隙 98
2191973,E_Battlepass,2091098,30,10660999,96,5,3;6,0,2,0,蚀之裂隙 98
2191974,E_Battlepass,2091098,30,10660999,96,5,3;6,0,2,0,蚀之裂隙 98
2191975,E_Battlepass,2091098,30,10660999,96,5,3;6,0,2,0,蚀之裂隙 98
2191976,E_Battlepass,2091098,30,10660999,96,5,3;6,0,2,0,蚀之裂隙 98
2191977,E_Battlepass,2091098,30,10660999,96,5,3;6,0,2,0,蚀之裂隙 98
2191981,E_Battlepass,2091099,30,10660999,96,5,3;6,0,2,0,蚀之裂隙 99
2191983,E_Battlepass,2091099,30,10660999,96,5,3;6,0,2,0,蚀之裂隙 99
2191984,E_Battlepass,2091099,30,10660999,96,5,3;6,0,2,0,蚀之裂隙 99
2191985,E_Battlepass,2091099,30,10660999,96,5,3;6,0,2,0,蚀之裂隙 99
2191986,E_Battlepass,2091099,30,10660999,96,5,3;6,0,2,0,蚀之裂隙 99
2191987,E_Battlepass,2091099,30,10660999,96,5,3;6,0,2,0,蚀之裂隙 99
2191991,E_Battlepass,2091100,30,10660999,96,5,3;6,0,2,0,蚀之裂隙 100
2191993,E_Battlepass,2091100,30,10660999,96,5,3;6,0,2,0,蚀之裂隙 100
2191994,E_Battlepass,2091100,30,10660999,96,5,3;6,0,2,0,蚀之裂隙 100
2191995,E_Battlepass,2091100,30,10660999,96,5,3;6,0,2,0,蚀之裂隙 100
2191996,E_Battlepass,2091100,30,10660999,96,5,3;6,0,2,0,蚀之裂隙 100
2191997,E_Battlepass,2091100,30,10660999,96,5,3;6,0,2,0,蚀之裂隙 100
2192001,E_Battlepass,2092001,30,10660990,96,5,3;4,1,2,0,蚀之裂隙 1 
2192003,E_Battlepass,2092001,30,10660990,96,5,3;4,1,2,0,蚀之裂隙 1 
2192004,E_Battlepass,2092001,30,10660990,96,5,3;4,1,2,0,蚀之裂隙 1 
2192005,E_Battlepass,2092001,30,10660990,96,5,3;4,1,2,0,蚀之裂隙 1 
2192006,E_Battlepass,2092001,30,10660990,96,5,3;4,1,2,0,蚀之裂隙 1 
2192007,E_Battlepass,2092001,30,10660990,96,5,3;4,1,2,0,蚀之裂隙 1 
2192011,E_Battlepass,2092002,30,10660990,96,5,3;4,0,2,0,蚀之裂隙 2
2192013,E_Battlepass,2092002,30,10660990,96,5,3;4,0,2,0,蚀之裂隙 2
2192014,E_Battlepass,2092002,30,10660990,96,5,3;4,0,2,0,蚀之裂隙 2
2192015,E_Battlepass,2092002,30,10660990,96,5,3;4,0,2,0,蚀之裂隙 2
2192016,E_Battlepass,2092002,30,10660990,96,5,3;4,0,2,0,蚀之裂隙 2
2192017,E_Battlepass,2092002,30,10660990,96,5,3;4,0,2,0,蚀之裂隙 2
2192021,E_Battlepass,2092003,30,10660990,96,5,3;4,0,2,0,蚀之裂隙 3
2192023,E_Battlepass,2092003,30,10660990,96,5,3;4,0,2,0,蚀之裂隙 3
2192024,E_Battlepass,2092003,30,10660990,96,5,3;4,0,2,0,蚀之裂隙 3
2192025,E_Battlepass,2092003,30,10660990,96,5,3;4,0,2,0,蚀之裂隙 3
2192026,E_Battlepass,2092003,30,10660990,96,5,3;4,0,2,0,蚀之裂隙 3
2192027,E_Battlepass,2092003,30,10660990,96,5,3;4,0,2,0,蚀之裂隙 3
2192031,E_Battlepass,2092004,30,10660990,96,5,3;4,0,2,0,蚀之裂隙 4
2192033,E_Battlepass,2092004,30,10660990,96,5,3;4,0,2,0,蚀之裂隙 4
2192034,E_Battlepass,2092004,30,10660990,96,5,3;4,0,2,0,蚀之裂隙 4
2192035,E_Battlepass,2092004,30,10660990,96,5,3;4,0,2,0,蚀之裂隙 4
2192036,E_Battlepass,2092004,30,10660990,96,5,3;4,0,2,0,蚀之裂隙 4
2192037,E_Battlepass,2092004,30,10660990,96,5,3;4,0,2,0,蚀之裂隙 4
2192041,E_Battlepass,2092005,30,10660990,96,5,3;4,0,2,0,蚀之裂隙 5
2192043,E_Battlepass,2092005,30,10660990,96,5,3;4,0,2,0,蚀之裂隙 5
2192044,E_Battlepass,2092005,30,10660990,96,5,3;4,0,2,0,蚀之裂隙 5
2192045,E_Battlepass,2092005,30,10660990,96,5,3;4,0,2,0,蚀之裂隙 5
2192046,E_Battlepass,2092005,30,10660990,96,5,3;4,0,2,0,蚀之裂隙 5
2192047,E_Battlepass,2092005,30,10660990,96,5,3;4,0,2,0,蚀之裂隙 5
2192051,E_Battlepass,2092006,30,10660990,96,5,3;4,0,2,0,蚀之裂隙 6
2192053,E_Battlepass,2092006,30,10660990,96,5,3;4,0,2,0,蚀之裂隙 6
2192054,E_Battlepass,2092006,30,10660990,96,5,3;4,0,2,0,蚀之裂隙 6
2192055,E_Battlepass,2092006,30,10660990,96,5,3;4,0,2,0,蚀之裂隙 6
2192056,E_Battlepass,2092006,30,10660990,96,5,3;4,0,2,0,蚀之裂隙 6
2192057,E_Battlepass,2092006,30,10660990,96,5,3;4,0,2,0,蚀之裂隙 6
2192061,E_Battlepass,2092007,30,10660990,96,5,3;4,0,2,0,蚀之裂隙 7
2192063,E_Battlepass,2092007,30,10660990,96,5,3;4,0,2,0,蚀之裂隙 7
2192064,E_Battlepass,2092007,30,10660990,96,5,3;4,0,2,0,蚀之裂隙 7
2192065,E_Battlepass,2092007,30,10660990,96,5,3;4,0,2,0,蚀之裂隙 7
2192066,E_Battlepass,2092007,30,10660990,96,5,3;4,0,2,0,蚀之裂隙 7
2192067,E_Battlepass,2092007,30,10660990,96,5,3;4,0,2,0,蚀之裂隙 7
2192071,E_Battlepass,2092008,30,10660990,96,5,3;4,0,2,0,蚀之裂隙 8
2192073,E_Battlepass,2092008,30,10660990,96,5,3;4,0,2,0,蚀之裂隙 8
2192074,E_Battlepass,2092008,30,10660990,96,5,3;4,0,2,0,蚀之裂隙 8
2192075,E_Battlepass,2092008,30,10660990,96,5,3;4,0,2,0,蚀之裂隙 8
2192076,E_Battlepass,2092008,30,10660990,96,5,3;4,0,2,0,蚀之裂隙 8
2192077,E_Battlepass,2092008,30,10660990,96,5,3;4,0,2,0,蚀之裂隙 8
2192081,E_Battlepass,2092009,30,10660990,96,5,3;4,0,2,0,蚀之裂隙 9
2192083,E_Battlepass,2092009,30,10660990,96,5,3;4,0,2,0,蚀之裂隙 9
2192084,E_Battlepass,2092009,30,10660990,96,5,3;4,0,2,0,蚀之裂隙 9
2192085,E_Battlepass,2092009,30,10660990,96,5,3;4,0,2,0,蚀之裂隙 9
2192086,E_Battlepass,2092009,30,10660990,96,5,3;4,0,2,0,蚀之裂隙 9
2192087,E_Battlepass,2092009,30,10660990,96,5,3;4,0,2,0,蚀之裂隙 9
2192091,E_Battlepass,2092010,30,10660990,96,5,3;4,0,2,0,蚀之裂隙 10
2192093,E_Battlepass,2092010,30,10660990,96,5,3;4,0,2,0,蚀之裂隙 10
2192094,E_Battlepass,2092010,30,10660990,96,5,3;4,0,2,0,蚀之裂隙 10
2192095,E_Battlepass,2092010,30,10660990,96,5,3;4,0,2,0,蚀之裂隙 10
2192096,E_Battlepass,2092010,30,10660990,96,5,3;4,0,2,0,蚀之裂隙 10
2192097,E_Battlepass,2092010,30,10660990,96,5,3;4,0,2,0,蚀之裂隙 10
2192101,E_Battlepass,2092011,30,10660991,96,5,3;5,0,2,0,蚀之裂隙 11
2192103,E_Battlepass,2092011,30,10660991,96,5,3;5,0,2,0,蚀之裂隙 11
2192104,E_Battlepass,2092011,30,10660991,96,5,3;5,0,2,0,蚀之裂隙 11
2192105,E_Battlepass,2092011,30,10660991,96,5,3;5,0,2,0,蚀之裂隙 11
2192106,E_Battlepass,2092011,30,10660991,96,5,3;5,0,2,0,蚀之裂隙 11
2192107,E_Battlepass,2092011,30,10660991,96,5,3;5,0,2,0,蚀之裂隙 11
2192111,E_Battlepass,2092012,30,10660991,96,5,3;5,0,2,0,蚀之裂隙 12
2192113,E_Battlepass,2092012,30,10660991,96,5,3;5,0,2,0,蚀之裂隙 12
2192114,E_Battlepass,2092012,30,10660991,96,5,3;5,0,2,0,蚀之裂隙 12
2192115,E_Battlepass,2092012,30,10660991,96,5,3;5,0,2,0,蚀之裂隙 12
2192116,E_Battlepass,2092012,30,10660991,96,5,3;5,0,2,0,蚀之裂隙 12
2192117,E_Battlepass,2092012,30,10660991,96,5,3;5,0,2,0,蚀之裂隙 12
2192121,E_Battlepass,2092013,30,10660991,96,5,3;5,0,2,0,蚀之裂隙 13
2192123,E_Battlepass,2092013,30,10660991,96,5,3;5,0,2,0,蚀之裂隙 13
2192124,E_Battlepass,2092013,30,10660991,96,5,3;5,0,2,0,蚀之裂隙 13
2192125,E_Battlepass,2092013,30,10660991,96,5,3;5,0,2,0,蚀之裂隙 13
2192126,E_Battlepass,2092013,30,10660991,96,5,3;5,0,2,0,蚀之裂隙 13
2192127,E_Battlepass,2092013,30,10660991,96,5,3;5,0,2,0,蚀之裂隙 13
2192131,E_Battlepass,2092014,30,10660991,96,5,3;5,0,2,0,蚀之裂隙 14
2192133,E_Battlepass,2092014,30,10660991,96,5,3;5,0,2,0,蚀之裂隙 14
2192134,E_Battlepass,2092014,30,10660991,96,5,3;5,0,2,0,蚀之裂隙 14
2192135,E_Battlepass,2092014,30,10660991,96,5,3;5,0,2,0,蚀之裂隙 14
2192136,E_Battlepass,2092014,30,10660991,96,5,3;5,0,2,0,蚀之裂隙 14
2192137,E_Battlepass,2092014,30,10660991,96,5,3;5,0,2,0,蚀之裂隙 14
2192141,E_Battlepass,2092015,30,10660991,96,5,3;5,0,2,0,蚀之裂隙 15
2192143,E_Battlepass,2092015,30,10660991,96,5,3;5,0,2,0,蚀之裂隙 15
2192144,E_Battlepass,2092015,30,10660991,96,5,3;5,0,2,0,蚀之裂隙 15
2192145,E_Battlepass,2092015,30,10660991,96,5,3;5,0,2,0,蚀之裂隙 15
2192146,E_Battlepass,2092015,30,10660991,96,5,3;5,0,2,0,蚀之裂隙 15
2192147,E_Battlepass,2092015,30,10660991,96,5,3;5,0,2,0,蚀之裂隙 15
2192151,E_Battlepass,2092016,30,10660991,96,5,3;5,0,2,0,蚀之裂隙 16
2192153,E_Battlepass,2092016,30,10660991,96,5,3;5,0,2,0,蚀之裂隙 16
2192154,E_Battlepass,2092016,30,10660991,96,5,3;5,0,2,0,蚀之裂隙 16
2192155,E_Battlepass,2092016,30,10660991,96,5,3;5,0,2,0,蚀之裂隙 16
2192156,E_Battlepass,2092016,30,10660991,96,5,3;5,0,2,0,蚀之裂隙 16
2192157,E_Battlepass,2092016,30,10660991,96,5,3;5,0,2,0,蚀之裂隙 16
2192161,E_Battlepass,2092017,30,10660991,96,5,3;5,0,2,0,蚀之裂隙 17
2192163,E_Battlepass,2092017,30,10660991,96,5,3;5,0,2,0,蚀之裂隙 17
2192164,E_Battlepass,2092017,30,10660991,96,5,3;5,0,2,0,蚀之裂隙 17
2192165,E_Battlepass,2092017,30,10660991,96,5,3;5,0,2,0,蚀之裂隙 17
2192166,E_Battlepass,2092017,30,10660991,96,5,3;5,0,2,0,蚀之裂隙 17
2192167,E_Battlepass,2092017,30,10660991,96,5,3;5,0,2,0,蚀之裂隙 17
2192171,E_Battlepass,2092018,30,10660991,96,5,3;5,0,2,0,蚀之裂隙 18
2192173,E_Battlepass,2092018,30,10660991,96,5,3;5,0,2,0,蚀之裂隙 18
2192174,E_Battlepass,2092018,30,10660991,96,5,3;5,0,2,0,蚀之裂隙 18
2192175,E_Battlepass,2092018,30,10660991,96,5,3;5,0,2,0,蚀之裂隙 18
2192176,E_Battlepass,2092018,30,10660991,96,5,3;5,0,2,0,蚀之裂隙 18
2192177,E_Battlepass,2092018,30,10660991,96,5,3;5,0,2,0,蚀之裂隙 18
2192181,E_Battlepass,2092019,30,10660991,96,5,3;5,0,2,0,蚀之裂隙 19
2192183,E_Battlepass,2092019,30,10660991,96,5,3;5,0,2,0,蚀之裂隙 19
2192184,E_Battlepass,2092019,30,10660991,96,5,3;5,0,2,0,蚀之裂隙 19
2192185,E_Battlepass,2092019,30,10660991,96,5,3;5,0,2,0,蚀之裂隙 19
2192186,E_Battlepass,2092019,30,10660991,96,5,3;5,0,2,0,蚀之裂隙 19
2192187,E_Battlepass,2092019,30,10660991,96,5,3;5,0,2,0,蚀之裂隙 19
2192191,E_Battlepass,2092020,30,10660991,96,5,3;5,0,2,0,蚀之裂隙 20
2192193,E_Battlepass,2092020,30,10660991,96,5,3;5,0,2,0,蚀之裂隙 20
2192194,E_Battlepass,2092020,30,10660991,96,5,3;5,0,2,0,蚀之裂隙 20
2192195,E_Battlepass,2092020,30,10660991,96,5,3;5,0,2,0,蚀之裂隙 20
2192196,E_Battlepass,2092020,30,10660991,96,5,3;5,0,2,0,蚀之裂隙 20
2192197,E_Battlepass,2092020,30,10660991,96,5,3;5,0,2,0,蚀之裂隙 20
2192201,E_Battlepass,2092021,30,10660992,96,5,3;6,0,2,0,蚀之裂隙 21
2192203,E_Battlepass,2092021,30,10660992,96,5,3;6,0,2,0,蚀之裂隙 21
2192204,E_Battlepass,2092021,30,10660992,96,5,3;6,0,2,0,蚀之裂隙 21
2192205,E_Battlepass,2092021,30,10660992,96,5,3;6,0,2,0,蚀之裂隙 21
2192206,E_Battlepass,2092021,30,10660992,96,5,3;6,0,2,0,蚀之裂隙 21
2192207,E_Battlepass,2092021,30,10660992,96,5,3;6,0,2,0,蚀之裂隙 21
2192211,E_Battlepass,2092022,30,10660992,96,5,3;6,0,2,0,蚀之裂隙 22
2192213,E_Battlepass,2092022,30,10660992,96,5,3;6,0,2,0,蚀之裂隙 22
2192214,E_Battlepass,2092022,30,10660992,96,5,3;6,0,2,0,蚀之裂隙 22
2192215,E_Battlepass,2092022,30,10660992,96,5,3;6,0,2,0,蚀之裂隙 22
2192216,E_Battlepass,2092022,30,10660992,96,5,3;6,0,2,0,蚀之裂隙 22
2192217,E_Battlepass,2092022,30,10660992,96,5,3;6,0,2,0,蚀之裂隙 22
2192221,E_Battlepass,2092023,30,10660992,96,5,3;6,0,2,0,蚀之裂隙 23
2192223,E_Battlepass,2092023,30,10660992,96,5,3;6,0,2,0,蚀之裂隙 23
2192224,E_Battlepass,2092023,30,10660992,96,5,3;6,0,2,0,蚀之裂隙 23
2192225,E_Battlepass,2092023,30,10660992,96,5,3;6,0,2,0,蚀之裂隙 23
2192226,E_Battlepass,2092023,30,10660992,96,5,3;6,0,2,0,蚀之裂隙 23
2192227,E_Battlepass,2092023,30,10660992,96,5,3;6,0,2,0,蚀之裂隙 23
2192231,E_Battlepass,2092024,30,10660992,96,5,3;6,0,2,0,蚀之裂隙 24
2192233,E_Battlepass,2092024,30,10660992,96,5,3;6,0,2,0,蚀之裂隙 24
2192234,E_Battlepass,2092024,30,10660992,96,5,3;6,0,2,0,蚀之裂隙 24
2192235,E_Battlepass,2092024,30,10660992,96,5,3;6,0,2,0,蚀之裂隙 24
2192236,E_Battlepass,2092024,30,10660992,96,5,3;6,0,2,0,蚀之裂隙 24
2192237,E_Battlepass,2092024,30,10660992,96,5,3;6,0,2,0,蚀之裂隙 24
2192241,E_Battlepass,2092025,30,10660992,96,5,3;6,0,2,0,蚀之裂隙 25
2192243,E_Battlepass,2092025,30,10660992,96,5,3;6,0,2,0,蚀之裂隙 25
2192244,E_Battlepass,2092025,30,10660992,96,5,3;6,0,2,0,蚀之裂隙 25
2192245,E_Battlepass,2092025,30,10660992,96,5,3;6,0,2,0,蚀之裂隙 25
2192246,E_Battlepass,2092025,30,10660992,96,5,3;6,0,2,0,蚀之裂隙 25
2192247,E_Battlepass,2092025,30,10660992,96,5,3;6,0,2,0,蚀之裂隙 25
2192251,E_Battlepass,2092026,30,10660992,96,5,3;6,0,2,0,蚀之裂隙 26
2192253,E_Battlepass,2092026,30,10660992,96,5,3;6,0,2,0,蚀之裂隙 26
2192254,E_Battlepass,2092026,30,10660992,96,5,3;6,0,2,0,蚀之裂隙 26
2192255,E_Battlepass,2092026,30,10660992,96,5,3;6,0,2,0,蚀之裂隙 26
2192256,E_Battlepass,2092026,30,10660992,96,5,3;6,0,2,0,蚀之裂隙 26
2192257,E_Battlepass,2092026,30,10660992,96,5,3;6,0,2,0,蚀之裂隙 26
2192261,E_Battlepass,2092027,30,10660992,96,5,3;6,0,2,0,蚀之裂隙 27
2192263,E_Battlepass,2092027,30,10660992,96,5,3;6,0,2,0,蚀之裂隙 27
2192264,E_Battlepass,2092027,30,10660992,96,5,3;6,0,2,0,蚀之裂隙 27
2192265,E_Battlepass,2092027,30,10660992,96,5,3;6,0,2,0,蚀之裂隙 27
2192266,E_Battlepass,2092027,30,10660992,96,5,3;6,0,2,0,蚀之裂隙 27
2192267,E_Battlepass,2092027,30,10660992,96,5,3;6,0,2,0,蚀之裂隙 27
2192271,E_Battlepass,2092028,30,10660992,96,5,3;6,0,2,0,蚀之裂隙 28
2192273,E_Battlepass,2092028,30,10660992,96,5,3;6,0,2,0,蚀之裂隙 28
2192274,E_Battlepass,2092028,30,10660992,96,5,3;6,0,2,0,蚀之裂隙 28
2192275,E_Battlepass,2092028,30,10660992,96,5,3;6,0,2,0,蚀之裂隙 28
2192276,E_Battlepass,2092028,30,10660992,96,5,3;6,0,2,0,蚀之裂隙 28
2192277,E_Battlepass,2092028,30,10660992,96,5,3;6,0,2,0,蚀之裂隙 28
2192281,E_Battlepass,2092029,30,10660992,96,5,3;6,0,2,0,蚀之裂隙 29
2192283,E_Battlepass,2092029,30,10660992,96,5,3;6,0,2,0,蚀之裂隙 29
2192284,E_Battlepass,2092029,30,10660992,96,5,3;6,0,2,0,蚀之裂隙 29
2192285,E_Battlepass,2092029,30,10660992,96,5,3;6,0,2,0,蚀之裂隙 29
2192286,E_Battlepass,2092029,30,10660992,96,5,3;6,0,2,0,蚀之裂隙 29
2192287,E_Battlepass,2092029,30,10660992,96,5,3;6,0,2,0,蚀之裂隙 29
2192291,E_Battlepass,2092030,30,10660992,96,5,3;6,0,2,0,蚀之裂隙 30
2192293,E_Battlepass,2092030,30,10660992,96,5,3;6,0,2,0,蚀之裂隙 30
2192294,E_Battlepass,2092030,30,10660992,96,5,3;6,0,2,0,蚀之裂隙 30
2192295,E_Battlepass,2092030,30,10660992,96,5,3;6,0,2,0,蚀之裂隙 30
2192296,E_Battlepass,2092030,30,10660992,96,5,3;6,0,2,0,蚀之裂隙 30
2192297,E_Battlepass,2092030,30,10660992,96,5,3;6,0,2,0,蚀之裂隙 30
2192301,E_Battlepass,2092031,30,10660993,96,5,3;6,0,2,0,蚀之裂隙 31
2192303,E_Battlepass,2092031,30,10660993,96,5,3;6,0,2,0,蚀之裂隙 31
2192304,E_Battlepass,2092031,30,10660993,96,5,3;6,0,2,0,蚀之裂隙 31
2192305,E_Battlepass,2092031,30,10660993,96,5,3;6,0,2,0,蚀之裂隙 31
2192306,E_Battlepass,2092031,30,10660993,96,5,3;6,0,2,0,蚀之裂隙 31
2192307,E_Battlepass,2092031,30,10660993,96,5,3;6,0,2,0,蚀之裂隙 31
2192311,E_Battlepass,2092032,30,10660993,96,5,3;6,0,2,0,蚀之裂隙 32
2192313,E_Battlepass,2092032,30,10660993,96,5,3;6,0,2,0,蚀之裂隙 32
2192314,E_Battlepass,2092032,30,10660993,96,5,3;6,0,2,0,蚀之裂隙 32
2192315,E_Battlepass,2092032,30,10660993,96,5,3;6,0,2,0,蚀之裂隙 32
2192316,E_Battlepass,2092032,30,10660993,96,5,3;6,0,2,0,蚀之裂隙 32
2192317,E_Battlepass,2092032,30,10660993,96,5,3;6,0,2,0,蚀之裂隙 32
2192321,E_Battlepass,2092033,30,10660993,96,5,3;6,0,2,0,蚀之裂隙 33
2192323,E_Battlepass,2092033,30,10660993,96,5,3;6,0,2,0,蚀之裂隙 33
2192324,E_Battlepass,2092033,30,10660993,96,5,3;6,0,2,0,蚀之裂隙 33
2192325,E_Battlepass,2092033,30,10660993,96,5,3;6,0,2,0,蚀之裂隙 33
2192326,E_Battlepass,2092033,30,10660993,96,5,3;6,0,2,0,蚀之裂隙 33
2192327,E_Battlepass,2092033,30,10660993,96,5,3;6,0,2,0,蚀之裂隙 33
2192331,E_Battlepass,2092034,30,10660993,96,5,3;6,0,2,0,蚀之裂隙 34
2192333,E_Battlepass,2092034,30,10660993,96,5,3;6,0,2,0,蚀之裂隙 34
2192334,E_Battlepass,2092034,30,10660993,96,5,3;6,0,2,0,蚀之裂隙 34
2192335,E_Battlepass,2092034,30,10660993,96,5,3;6,0,2,0,蚀之裂隙 34
2192336,E_Battlepass,2092034,30,10660993,96,5,3;6,0,2,0,蚀之裂隙 34
2192337,E_Battlepass,2092034,30,10660993,96,5,3;6,0,2,0,蚀之裂隙 34
2192341,E_Battlepass,2092035,30,10660993,96,5,3;6,0,2,0,蚀之裂隙 35
2192343,E_Battlepass,2092035,30,10660993,96,5,3;6,0,2,0,蚀之裂隙 35
2192344,E_Battlepass,2092035,30,10660993,96,5,3;6,0,2,0,蚀之裂隙 35
2192345,E_Battlepass,2092035,30,10660993,96,5,3;6,0,2,0,蚀之裂隙 35
2192346,E_Battlepass,2092035,30,10660993,96,5,3;6,0,2,0,蚀之裂隙 35
2192347,E_Battlepass,2092035,30,10660993,96,5,3;6,0,2,0,蚀之裂隙 35
2192351,E_Battlepass,2092036,30,10660993,96,5,3;6,0,2,0,蚀之裂隙 36
2192353,E_Battlepass,2092036,30,10660993,96,5,3;6,0,2,0,蚀之裂隙 36
2192354,E_Battlepass,2092036,30,10660993,96,5,3;6,0,2,0,蚀之裂隙 36
2192355,E_Battlepass,2092036,30,10660993,96,5,3;6,0,2,0,蚀之裂隙 36
2192356,E_Battlepass,2092036,30,10660993,96,5,3;6,0,2,0,蚀之裂隙 36
2192357,E_Battlepass,2092036,30,10660993,96,5,3;6,0,2,0,蚀之裂隙 36
2192361,E_Battlepass,2092037,30,10660993,96,5,3;6,0,2,0,蚀之裂隙 37
2192363,E_Battlepass,2092037,30,10660993,96,5,3;6,0,2,0,蚀之裂隙 37
2192364,E_Battlepass,2092037,30,10660993,96,5,3;6,0,2,0,蚀之裂隙 37
2192365,E_Battlepass,2092037,30,10660993,96,5,3;6,0,2,0,蚀之裂隙 37
2192366,E_Battlepass,2092037,30,10660993,96,5,3;6,0,2,0,蚀之裂隙 37
2192367,E_Battlepass,2092037,30,10660993,96,5,3;6,0,2,0,蚀之裂隙 37
2192371,E_Battlepass,2092038,30,10660993,96,5,3;6,0,2,0,蚀之裂隙 38
2192373,E_Battlepass,2092038,30,10660993,96,5,3;6,0,2,0,蚀之裂隙 38
2192374,E_Battlepass,2092038,30,10660993,96,5,3;6,0,2,0,蚀之裂隙 38
2192375,E_Battlepass,2092038,30,10660993,96,5,3;6,0,2,0,蚀之裂隙 38
2192376,E_Battlepass,2092038,30,10660993,96,5,3;6,0,2,0,蚀之裂隙 38
2192377,E_Battlepass,2092038,30,10660993,96,5,3;6,0,2,0,蚀之裂隙 38
2192381,E_Battlepass,2092039,30,10660993,96,5,3;6,0,2,0,蚀之裂隙 39
2192383,E_Battlepass,2092039,30,10660993,96,5,3;6,0,2,0,蚀之裂隙 39
2192384,E_Battlepass,2092039,30,10660993,96,5,3;6,0,2,0,蚀之裂隙 39
2192385,E_Battlepass,2092039,30,10660993,96,5,3;6,0,2,0,蚀之裂隙 39
2192386,E_Battlepass,2092039,30,10660993,96,5,3;6,0,2,0,蚀之裂隙 39
2192387,E_Battlepass,2092039,30,10660993,96,5,3;6,0,2,0,蚀之裂隙 39
2192391,E_Battlepass,2092040,30,10660993,96,5,3;6,0,2,0,蚀之裂隙 40
2192393,E_Battlepass,2092040,30,10660993,96,5,3;6,0,2,0,蚀之裂隙 40
2192394,E_Battlepass,2092040,30,10660993,96,5,3;6,0,2,0,蚀之裂隙 40
2192395,E_Battlepass,2092040,30,10660993,96,5,3;6,0,2,0,蚀之裂隙 40
2192396,E_Battlepass,2092040,30,10660993,96,5,3;6,0,2,0,蚀之裂隙 40
2192397,E_Battlepass,2092040,30,10660993,96,5,3;6,0,2,0,蚀之裂隙 40
2192401,E_Battlepass,2092041,30,10660994,96,5,3;6,0,2,0,蚀之裂隙 41
2192403,E_Battlepass,2092041,30,10660994,96,5,3;6,0,2,0,蚀之裂隙 41
2192404,E_Battlepass,2092041,30,10660994,96,5,3;6,0,2,0,蚀之裂隙 41
2192405,E_Battlepass,2092041,30,10660994,96,5,3;6,0,2,0,蚀之裂隙 41
2192406,E_Battlepass,2092041,30,10660994,96,5,3;6,0,2,0,蚀之裂隙 41
2192407,E_Battlepass,2092041,30,10660994,96,5,3;6,0,2,0,蚀之裂隙 41
2192411,E_Battlepass,2092042,30,10660994,96,5,3;6,0,2,0,蚀之裂隙 42
2192413,E_Battlepass,2092042,30,10660994,96,5,3;6,0,2,0,蚀之裂隙 42
2192414,E_Battlepass,2092042,30,10660994,96,5,3;6,0,2,0,蚀之裂隙 42
2192415,E_Battlepass,2092042,30,10660994,96,5,3;6,0,2,0,蚀之裂隙 42
2192416,E_Battlepass,2092042,30,10660994,96,5,3;6,0,2,0,蚀之裂隙 42
2192417,E_Battlepass,2092042,30,10660994,96,5,3;6,0,2,0,蚀之裂隙 42
2192421,E_Battlepass,2092043,30,10660994,96,5,3;6,0,2,0,蚀之裂隙 43
2192423,E_Battlepass,2092043,30,10660994,96,5,3;6,0,2,0,蚀之裂隙 43
2192424,E_Battlepass,2092043,30,10660994,96,5,3;6,0,2,0,蚀之裂隙 43
2192425,E_Battlepass,2092043,30,10660994,96,5,3;6,0,2,0,蚀之裂隙 43
2192426,E_Battlepass,2092043,30,10660994,96,5,3;6,0,2,0,蚀之裂隙 43
2192427,E_Battlepass,2092043,30,10660994,96,5,3;6,0,2,0,蚀之裂隙 43
2192431,E_Battlepass,2092044,30,10660994,96,5,3;6,0,2,0,蚀之裂隙 44
2192433,E_Battlepass,2092044,30,10660994,96,5,3;6,0,2,0,蚀之裂隙 44
2192434,E_Battlepass,2092044,30,10660994,96,5,3;6,0,2,0,蚀之裂隙 44
2192435,E_Battlepass,2092044,30,10660994,96,5,3;6,0,2,0,蚀之裂隙 44
2192436,E_Battlepass,2092044,30,10660994,96,5,3;6,0,2,0,蚀之裂隙 44
2192437,E_Battlepass,2092044,30,10660994,96,5,3;6,0,2,0,蚀之裂隙 44
2192441,E_Battlepass,2092045,30,10660994,96,5,3;6,0,2,0,蚀之裂隙 45
2192443,E_Battlepass,2092045,30,10660994,96,5,3;6,0,2,0,蚀之裂隙 45
2192444,E_Battlepass,2092045,30,10660994,96,5,3;6,0,2,0,蚀之裂隙 45
2192445,E_Battlepass,2092045,30,10660994,96,5,3;6,0,2,0,蚀之裂隙 45
2192446,E_Battlepass,2092045,30,10660994,96,5,3;6,0,2,0,蚀之裂隙 45
2192447,E_Battlepass,2092045,30,10660994,96,5,3;6,0,2,0,蚀之裂隙 45
2192451,E_Battlepass,2092046,30,10660994,96,5,3;6,0,2,0,蚀之裂隙 46
2192453,E_Battlepass,2092046,30,10660994,96,5,3;6,0,2,0,蚀之裂隙 46
2192454,E_Battlepass,2092046,30,10660994,96,5,3;6,0,2,0,蚀之裂隙 46
2192455,E_Battlepass,2092046,30,10660994,96,5,3;6,0,2,0,蚀之裂隙 46
2192456,E_Battlepass,2092046,30,10660994,96,5,3;6,0,2,0,蚀之裂隙 46
2192457,E_Battlepass,2092046,30,10660994,96,5,3;6,0,2,0,蚀之裂隙 46
2192461,E_Battlepass,2092047,30,10660994,96,5,3;6,0,2,0,蚀之裂隙 47
2192463,E_Battlepass,2092047,30,10660994,96,5,3;6,0,2,0,蚀之裂隙 47
2192464,E_Battlepass,2092047,30,10660994,96,5,3;6,0,2,0,蚀之裂隙 47
2192465,E_Battlepass,2092047,30,10660994,96,5,3;6,0,2,0,蚀之裂隙 47
2192466,E_Battlepass,2092047,30,10660994,96,5,3;6,0,2,0,蚀之裂隙 47
2192467,E_Battlepass,2092047,30,10660994,96,5,3;6,0,2,0,蚀之裂隙 47
2192471,E_Battlepass,2092048,30,10660994,96,5,3;6,0,2,0,蚀之裂隙 48
2192473,E_Battlepass,2092048,30,10660994,96,5,3;6,0,2,0,蚀之裂隙 48
2192474,E_Battlepass,2092048,30,10660994,96,5,3;6,0,2,0,蚀之裂隙 48
2192475,E_Battlepass,2092048,30,10660994,96,5,3;6,0,2,0,蚀之裂隙 48
2192476,E_Battlepass,2092048,30,10660994,96,5,3;6,0,2,0,蚀之裂隙 48
2192477,E_Battlepass,2092048,30,10660994,96,5,3;6,0,2,0,蚀之裂隙 48
2192481,E_Battlepass,2092049,30,10660994,96,5,3;6,0,2,0,蚀之裂隙 49
2192483,E_Battlepass,2092049,30,10660994,96,5,3;6,0,2,0,蚀之裂隙 49
2192484,E_Battlepass,2092049,30,10660994,96,5,3;6,0,2,0,蚀之裂隙 49
2192485,E_Battlepass,2092049,30,10660994,96,5,3;6,0,2,0,蚀之裂隙 49
2192486,E_Battlepass,2092049,30,10660994,96,5,3;6,0,2,0,蚀之裂隙 49
2192487,E_Battlepass,2092049,30,10660994,96,5,3;6,0,2,0,蚀之裂隙 49
2192491,E_Battlepass,2092050,30,10660994,96,5,3;6,0,2,0,蚀之裂隙 50
2192493,E_Battlepass,2092050,30,10660994,96,5,3;6,0,2,0,蚀之裂隙 50
2192494,E_Battlepass,2092050,30,10660994,96,5,3;6,0,2,0,蚀之裂隙 50
2192495,E_Battlepass,2092050,30,10660994,96,5,3;6,0,2,0,蚀之裂隙 50
2192496,E_Battlepass,2092050,30,10660994,96,5,3;6,0,2,0,蚀之裂隙 50
2192497,E_Battlepass,2092050,30,10660994,96,5,3;6,0,2,0,蚀之裂隙 50
2192501,E_Battlepass,2092051,30,10660995,96,5,3;6,0,2,0,蚀之裂隙 51
2192503,E_Battlepass,2092051,30,10660995,96,5,3;6,0,2,0,蚀之裂隙 51
2192504,E_Battlepass,2092051,30,10660995,96,5,3;6,0,2,0,蚀之裂隙 51
2192505,E_Battlepass,2092051,30,10660995,96,5,3;6,0,2,0,蚀之裂隙 51
2192506,E_Battlepass,2092051,30,10660995,96,5,3;6,0,2,0,蚀之裂隙 51
2192507,E_Battlepass,2092051,30,10660995,96,5,3;6,0,2,0,蚀之裂隙 51
2192511,E_Battlepass,2092052,30,10660995,96,5,3;6,0,2,0,蚀之裂隙 52
2192513,E_Battlepass,2092052,30,10660995,96,5,3;6,0,2,0,蚀之裂隙 52
2192514,E_Battlepass,2092052,30,10660995,96,5,3;6,0,2,0,蚀之裂隙 52
2192515,E_Battlepass,2092052,30,10660995,96,5,3;6,0,2,0,蚀之裂隙 52
2192516,E_Battlepass,2092052,30,10660995,96,5,3;6,0,2,0,蚀之裂隙 52
2192517,E_Battlepass,2092052,30,10660995,96,5,3;6,0,2,0,蚀之裂隙 52
2192521,E_Battlepass,2092053,30,10660995,96,5,3;6,0,2,0,蚀之裂隙 53
2192523,E_Battlepass,2092053,30,10660995,96,5,3;6,0,2,0,蚀之裂隙 53
2192524,E_Battlepass,2092053,30,10660995,96,5,3;6,0,2,0,蚀之裂隙 53
2192525,E_Battlepass,2092053,30,10660995,96,5,3;6,0,2,0,蚀之裂隙 53
2192526,E_Battlepass,2092053,30,10660995,96,5,3;6,0,2,0,蚀之裂隙 53
2192527,E_Battlepass,2092053,30,10660995,96,5,3;6,0,2,0,蚀之裂隙 53
2192531,E_Battlepass,2092054,30,10660995,96,5,3;6,0,2,0,蚀之裂隙 54
2192533,E_Battlepass,2092054,30,10660995,96,5,3;6,0,2,0,蚀之裂隙 54
2192534,E_Battlepass,2092054,30,10660995,96,5,3;6,0,2,0,蚀之裂隙 54
2192535,E_Battlepass,2092054,30,10660995,96,5,3;6,0,2,0,蚀之裂隙 54
2192536,E_Battlepass,2092054,30,10660995,96,5,3;6,0,2,0,蚀之裂隙 54
2192537,E_Battlepass,2092054,30,10660995,96,5,3;6,0,2,0,蚀之裂隙 54
2192541,E_Battlepass,2092055,30,10660995,96,5,3;6,0,2,0,蚀之裂隙 55
2192543,E_Battlepass,2092055,30,10660995,96,5,3;6,0,2,0,蚀之裂隙 55
2192544,E_Battlepass,2092055,30,10660995,96,5,3;6,0,2,0,蚀之裂隙 55
2192545,E_Battlepass,2092055,30,10660995,96,5,3;6,0,2,0,蚀之裂隙 55
2192546,E_Battlepass,2092055,30,10660995,96,5,3;6,0,2,0,蚀之裂隙 55
2192547,E_Battlepass,2092055,30,10660995,96,5,3;6,0,2,0,蚀之裂隙 55
2192551,E_Battlepass,2092056,30,10660995,96,5,3;6,0,2,0,蚀之裂隙 56
2192553,E_Battlepass,2092056,30,10660995,96,5,3;6,0,2,0,蚀之裂隙 56
2192554,E_Battlepass,2092056,30,10660995,96,5,3;6,0,2,0,蚀之裂隙 56
2192555,E_Battlepass,2092056,30,10660995,96,5,3;6,0,2,0,蚀之裂隙 56
2192556,E_Battlepass,2092056,30,10660995,96,5,3;6,0,2,0,蚀之裂隙 56
2192557,E_Battlepass,2092056,30,10660995,96,5,3;6,0,2,0,蚀之裂隙 56
2192561,E_Battlepass,2092057,30,10660995,96,5,3;6,0,2,0,蚀之裂隙 57
2192563,E_Battlepass,2092057,30,10660995,96,5,3;6,0,2,0,蚀之裂隙 57
2192564,E_Battlepass,2092057,30,10660995,96,5,3;6,0,2,0,蚀之裂隙 57
2192565,E_Battlepass,2092057,30,10660995,96,5,3;6,0,2,0,蚀之裂隙 57
2192566,E_Battlepass,2092057,30,10660995,96,5,3;6,0,2,0,蚀之裂隙 57
2192567,E_Battlepass,2092057,30,10660995,96,5,3;6,0,2,0,蚀之裂隙 57
2192571,E_Battlepass,2092058,30,10660995,96,5,3;6,0,2,0,蚀之裂隙 58
2192573,E_Battlepass,2092058,30,10660995,96,5,3;6,0,2,0,蚀之裂隙 58
2192574,E_Battlepass,2092058,30,10660995,96,5,3;6,0,2,0,蚀之裂隙 58
2192575,E_Battlepass,2092058,30,10660995,96,5,3;6,0,2,0,蚀之裂隙 58
2192576,E_Battlepass,2092058,30,10660995,96,5,3;6,0,2,0,蚀之裂隙 58
2192577,E_Battlepass,2092058,30,10660995,96,5,3;6,0,2,0,蚀之裂隙 58
2192581,E_Battlepass,2092059,30,10660995,96,5,3;6,0,2,0,蚀之裂隙 59
2192583,E_Battlepass,2092059,30,10660995,96,5,3;6,0,2,0,蚀之裂隙 59
2192584,E_Battlepass,2092059,30,10660995,96,5,3;6,0,2,0,蚀之裂隙 59
2192585,E_Battlepass,2092059,30,10660995,96,5,3;6,0,2,0,蚀之裂隙 59
2192586,E_Battlepass,2092059,30,10660995,96,5,3;6,0,2,0,蚀之裂隙 59
2192587,E_Battlepass,2092059,30,10660995,96,5,3;6,0,2,0,蚀之裂隙 59
2192591,E_Battlepass,2092060,30,10660995,96,5,3;6,0,2,0,蚀之裂隙 60
2192593,E_Battlepass,2092060,30,10660995,96,5,3;6,0,2,0,蚀之裂隙 60
2192594,E_Battlepass,2092060,30,10660995,96,5,3;6,0,2,0,蚀之裂隙 60
2192595,E_Battlepass,2092060,30,10660995,96,5,3;6,0,2,0,蚀之裂隙 60
2192596,E_Battlepass,2092060,30,10660995,96,5,3;6,0,2,0,蚀之裂隙 60
2192597,E_Battlepass,2092060,30,10660995,96,5,3;6,0,2,0,蚀之裂隙 60
2192601,E_Battlepass,2092061,30,10660996,96,5,3;6,0,2,0,蚀之裂隙 61
2192603,E_Battlepass,2092061,30,10660996,96,5,3;6,0,2,0,蚀之裂隙 61
2192604,E_Battlepass,2092061,30,10660996,96,5,3;6,0,2,0,蚀之裂隙 61
2192605,E_Battlepass,2092061,30,10660996,96,5,3;6,0,2,0,蚀之裂隙 61
2192606,E_Battlepass,2092061,30,10660996,96,5,3;6,0,2,0,蚀之裂隙 61
2192607,E_Battlepass,2092061,30,10660996,96,5,3;6,0,2,0,蚀之裂隙 61
2192611,E_Battlepass,2092062,30,10660996,96,5,3;6,0,2,0,蚀之裂隙 62
2192613,E_Battlepass,2092062,30,10660996,96,5,3;6,0,2,0,蚀之裂隙 62
2192614,E_Battlepass,2092062,30,10660996,96,5,3;6,0,2,0,蚀之裂隙 62
2192615,E_Battlepass,2092062,30,10660996,96,5,3;6,0,2,0,蚀之裂隙 62
2192616,E_Battlepass,2092062,30,10660996,96,5,3;6,0,2,0,蚀之裂隙 62
2192617,E_Battlepass,2092062,30,10660996,96,5,3;6,0,2,0,蚀之裂隙 62
2192621,E_Battlepass,2092063,30,10660996,96,5,3;6,0,2,0,蚀之裂隙 63
2192623,E_Battlepass,2092063,30,10660996,96,5,3;6,0,2,0,蚀之裂隙 63
2192624,E_Battlepass,2092063,30,10660996,96,5,3;6,0,2,0,蚀之裂隙 63
2192625,E_Battlepass,2092063,30,10660996,96,5,3;6,0,2,0,蚀之裂隙 63
2192626,E_Battlepass,2092063,30,10660996,96,5,3;6,0,2,0,蚀之裂隙 63
2192627,E_Battlepass,2092063,30,10660996,96,5,3;6,0,2,0,蚀之裂隙 63
2192631,E_Battlepass,2092064,30,10660996,96,5,3;6,0,2,0,蚀之裂隙 64
2192633,E_Battlepass,2092064,30,10660996,96,5,3;6,0,2,0,蚀之裂隙 64
2192634,E_Battlepass,2092064,30,10660996,96,5,3;6,0,2,0,蚀之裂隙 64
2192635,E_Battlepass,2092064,30,10660996,96,5,3;6,0,2,0,蚀之裂隙 64
2192636,E_Battlepass,2092064,30,10660996,96,5,3;6,0,2,0,蚀之裂隙 64
2192637,E_Battlepass,2092064,30,10660996,96,5,3;6,0,2,0,蚀之裂隙 64
2192641,E_Battlepass,2092065,30,10660996,96,5,3;6,0,2,0,蚀之裂隙 65
2192643,E_Battlepass,2092065,30,10660996,96,5,3;6,0,2,0,蚀之裂隙 65
2192644,E_Battlepass,2092065,30,10660996,96,5,3;6,0,2,0,蚀之裂隙 65
2192645,E_Battlepass,2092065,30,10660996,96,5,3;6,0,2,0,蚀之裂隙 65
2192646,E_Battlepass,2092065,30,10660996,96,5,3;6,0,2,0,蚀之裂隙 65
2192647,E_Battlepass,2092065,30,10660996,96,5,3;6,0,2,0,蚀之裂隙 65
2192651,E_Battlepass,2092066,30,10660996,96,5,3;6,0,2,0,蚀之裂隙 66
2192653,E_Battlepass,2092066,30,10660996,96,5,3;6,0,2,0,蚀之裂隙 66
2192654,E_Battlepass,2092066,30,10660996,96,5,3;6,0,2,0,蚀之裂隙 66
2192655,E_Battlepass,2092066,30,10660996,96,5,3;6,0,2,0,蚀之裂隙 66
2192656,E_Battlepass,2092066,30,10660996,96,5,3;6,0,2,0,蚀之裂隙 66
2192657,E_Battlepass,2092066,30,10660996,96,5,3;6,0,2,0,蚀之裂隙 66
2192661,E_Battlepass,2092067,30,10660996,96,5,3;6,0,2,0,蚀之裂隙 67
2192663,E_Battlepass,2092067,30,10660996,96,5,3;6,0,2,0,蚀之裂隙 67
2192664,E_Battlepass,2092067,30,10660996,96,5,3;6,0,2,0,蚀之裂隙 67
2192665,E_Battlepass,2092067,30,10660996,96,5,3;6,0,2,0,蚀之裂隙 67
2192666,E_Battlepass,2092067,30,10660996,96,5,3;6,0,2,0,蚀之裂隙 67
2192667,E_Battlepass,2092067,30,10660996,96,5,3;6,0,2,0,蚀之裂隙 67
2192671,E_Battlepass,2092068,30,10660996,96,5,3;6,0,2,0,蚀之裂隙 68
2192673,E_Battlepass,2092068,30,10660996,96,5,3;6,0,2,0,蚀之裂隙 68
2192674,E_Battlepass,2092068,30,10660996,96,5,3;6,0,2,0,蚀之裂隙 68
2192675,E_Battlepass,2092068,30,10660996,96,5,3;6,0,2,0,蚀之裂隙 68
2192676,E_Battlepass,2092068,30,10660996,96,5,3;6,0,2,0,蚀之裂隙 68
2192677,E_Battlepass,2092068,30,10660996,96,5,3;6,0,2,0,蚀之裂隙 68
2192681,E_Battlepass,2092069,30,10660996,96,5,3;6,0,2,0,蚀之裂隙 69
2192683,E_Battlepass,2092069,30,10660996,96,5,3;6,0,2,0,蚀之裂隙 69
2192684,E_Battlepass,2092069,30,10660996,96,5,3;6,0,2,0,蚀之裂隙 69
2192685,E_Battlepass,2092069,30,10660996,96,5,3;6,0,2,0,蚀之裂隙 69
2192686,E_Battlepass,2092069,30,10660996,96,5,3;6,0,2,0,蚀之裂隙 69
2192687,E_Battlepass,2092069,30,10660996,96,5,3;6,0,2,0,蚀之裂隙 69
2192691,E_Battlepass,2092070,30,10660996,96,5,3;6,0,2,0,蚀之裂隙 70
2192693,E_Battlepass,2092070,30,10660996,96,5,3;6,0,2,0,蚀之裂隙 70
2192694,E_Battlepass,2092070,30,10660996,96,5,3;6,0,2,0,蚀之裂隙 70
2192695,E_Battlepass,2092070,30,10660996,96,5,3;6,0,2,0,蚀之裂隙 70
2192696,E_Battlepass,2092070,30,10660996,96,5,3;6,0,2,0,蚀之裂隙 70
2192697,E_Battlepass,2092070,30,10660996,96,5,3;6,0,2,0,蚀之裂隙 70
2192701,E_Battlepass,2092071,30,10660997,96,5,3;6,0,2,0,蚀之裂隙 71
2192703,E_Battlepass,2092071,30,10660997,96,5,3;6,0,2,0,蚀之裂隙 71
2192704,E_Battlepass,2092071,30,10660997,96,5,3;6,0,2,0,蚀之裂隙 71
2192705,E_Battlepass,2092071,30,10660997,96,5,3;6,0,2,0,蚀之裂隙 71
2192706,E_Battlepass,2092071,30,10660997,96,5,3;6,0,2,0,蚀之裂隙 71
2192707,E_Battlepass,2092071,30,10660997,96,5,3;6,0,2,0,蚀之裂隙 71
2192711,E_Battlepass,2092072,30,10660997,96,5,3;6,0,2,0,蚀之裂隙 72
2192713,E_Battlepass,2092072,30,10660997,96,5,3;6,0,2,0,蚀之裂隙 72
2192714,E_Battlepass,2092072,30,10660997,96,5,3;6,0,2,0,蚀之裂隙 72
2192715,E_Battlepass,2092072,30,10660997,96,5,3;6,0,2,0,蚀之裂隙 72
2192716,E_Battlepass,2092072,30,10660997,96,5,3;6,0,2,0,蚀之裂隙 72
2192717,E_Battlepass,2092072,30,10660997,96,5,3;6,0,2,0,蚀之裂隙 72
2192721,E_Battlepass,2092073,30,10660997,96,5,3;6,0,2,0,蚀之裂隙 73
2192723,E_Battlepass,2092073,30,10660997,96,5,3;6,0,2,0,蚀之裂隙 73
2192724,E_Battlepass,2092073,30,10660997,96,5,3;6,0,2,0,蚀之裂隙 73
2192725,E_Battlepass,2092073,30,10660997,96,5,3;6,0,2,0,蚀之裂隙 73
2192726,E_Battlepass,2092073,30,10660997,96,5,3;6,0,2,0,蚀之裂隙 73
2192727,E_Battlepass,2092073,30,10660997,96,5,3;6,0,2,0,蚀之裂隙 73
2192731,E_Battlepass,2092074,30,10660997,96,5,3;6,0,2,0,蚀之裂隙 74
2192733,E_Battlepass,2092074,30,10660997,96,5,3;6,0,2,0,蚀之裂隙 74
2192734,E_Battlepass,2092074,30,10660997,96,5,3;6,0,2,0,蚀之裂隙 74
2192735,E_Battlepass,2092074,30,10660997,96,5,3;6,0,2,0,蚀之裂隙 74
2192736,E_Battlepass,2092074,30,10660997,96,5,3;6,0,2,0,蚀之裂隙 74
2192737,E_Battlepass,2092074,30,10660997,96,5,3;6,0,2,0,蚀之裂隙 74
2192741,E_Battlepass,2092075,30,10660997,96,5,3;6,0,2,0,蚀之裂隙 75
2192743,E_Battlepass,2092075,30,10660997,96,5,3;6,0,2,0,蚀之裂隙 75
2192744,E_Battlepass,2092075,30,10660997,96,5,3;6,0,2,0,蚀之裂隙 75
2192745,E_Battlepass,2092075,30,10660997,96,5,3;6,0,2,0,蚀之裂隙 75
2192746,E_Battlepass,2092075,30,10660997,96,5,3;6,0,2,0,蚀之裂隙 75
2192747,E_Battlepass,2092075,30,10660997,96,5,3;6,0,2,0,蚀之裂隙 75
2192751,E_Battlepass,2092076,30,10660997,96,5,3;6,0,2,0,蚀之裂隙 76
2192753,E_Battlepass,2092076,30,10660997,96,5,3;6,0,2,0,蚀之裂隙 76
2192754,E_Battlepass,2092076,30,10660997,96,5,3;6,0,2,0,蚀之裂隙 76
2192755,E_Battlepass,2092076,30,10660997,96,5,3;6,0,2,0,蚀之裂隙 76
2192756,E_Battlepass,2092076,30,10660997,96,5,3;6,0,2,0,蚀之裂隙 76
2192757,E_Battlepass,2092076,30,10660997,96,5,3;6,0,2,0,蚀之裂隙 76
2192761,E_Battlepass,2092077,30,10660997,96,5,3;6,0,2,0,蚀之裂隙 77
2192763,E_Battlepass,2092077,30,10660997,96,5,3;6,0,2,0,蚀之裂隙 77
2192764,E_Battlepass,2092077,30,10660997,96,5,3;6,0,2,0,蚀之裂隙 77
2192765,E_Battlepass,2092077,30,10660997,96,5,3;6,0,2,0,蚀之裂隙 77
2192766,E_Battlepass,2092077,30,10660997,96,5,3;6,0,2,0,蚀之裂隙 77
2192767,E_Battlepass,2092077,30,10660997,96,5,3;6,0,2,0,蚀之裂隙 77
2192771,E_Battlepass,2092078,30,10660997,96,5,3;6,0,2,0,蚀之裂隙 78
2192773,E_Battlepass,2092078,30,10660997,96,5,3;6,0,2,0,蚀之裂隙 78
2192774,E_Battlepass,2092078,30,10660997,96,5,3;6,0,2,0,蚀之裂隙 78
2192775,E_Battlepass,2092078,30,10660997,96,5,3;6,0,2,0,蚀之裂隙 78
2192776,E_Battlepass,2092078,30,10660997,96,5,3;6,0,2,0,蚀之裂隙 78
2192777,E_Battlepass,2092078,30,10660997,96,5,3;6,0,2,0,蚀之裂隙 78
2192781,E_Battlepass,2092079,30,10660997,96,5,3;6,0,2,0,蚀之裂隙 79
2192783,E_Battlepass,2092079,30,10660997,96,5,3;6,0,2,0,蚀之裂隙 79
2192784,E_Battlepass,2092079,30,10660997,96,5,3;6,0,2,0,蚀之裂隙 79
2192785,E_Battlepass,2092079,30,10660997,96,5,3;6,0,2,0,蚀之裂隙 79
2192786,E_Battlepass,2092079,30,10660997,96,5,3;6,0,2,0,蚀之裂隙 79
2192787,E_Battlepass,2092079,30,10660997,96,5,3;6,0,2,0,蚀之裂隙 79
2192791,E_Battlepass,2092080,30,10660997,96,5,3;6,0,2,0,蚀之裂隙 80
2192793,E_Battlepass,2092080,30,10660997,96,5,3;6,0,2,0,蚀之裂隙 80
2192794,E_Battlepass,2092080,30,10660997,96,5,3;6,0,2,0,蚀之裂隙 80
2192795,E_Battlepass,2092080,30,10660997,96,5,3;6,0,2,0,蚀之裂隙 80
2192796,E_Battlepass,2092080,30,10660997,96,5,3;6,0,2,0,蚀之裂隙 80
2192797,E_Battlepass,2092080,30,10660997,96,5,3;6,0,2,0,蚀之裂隙 80
2192801,E_Battlepass,2092081,30,10660998,96,5,3;6,0,2,0,蚀之裂隙 81
2192803,E_Battlepass,2092081,30,10660998,96,5,3;6,0,2,0,蚀之裂隙 81
2192804,E_Battlepass,2092081,30,10660998,96,5,3;6,0,2,0,蚀之裂隙 81
2192805,E_Battlepass,2092081,30,10660998,96,5,3;6,0,2,0,蚀之裂隙 81
2192806,E_Battlepass,2092081,30,10660998,96,5,3;6,0,2,0,蚀之裂隙 81
2192807,E_Battlepass,2092081,30,10660998,96,5,3;6,0,2,0,蚀之裂隙 81
2192811,E_Battlepass,2092082,30,10660998,96,5,3;6,0,2,0,蚀之裂隙 82
2192813,E_Battlepass,2092082,30,10660998,96,5,3;6,0,2,0,蚀之裂隙 82
2192814,E_Battlepass,2092082,30,10660998,96,5,3;6,0,2,0,蚀之裂隙 82
2192815,E_Battlepass,2092082,30,10660998,96,5,3;6,0,2,0,蚀之裂隙 82
2192816,E_Battlepass,2092082,30,10660998,96,5,3;6,0,2,0,蚀之裂隙 82
2192817,E_Battlepass,2092082,30,10660998,96,5,3;6,0,2,0,蚀之裂隙 82
2192821,E_Battlepass,2092083,30,10660998,96,5,3;6,0,2,0,蚀之裂隙 83
2192823,E_Battlepass,2092083,30,10660998,96,5,3;6,0,2,0,蚀之裂隙 83
2192824,E_Battlepass,2092083,30,10660998,96,5,3;6,0,2,0,蚀之裂隙 83
2192825,E_Battlepass,2092083,30,10660998,96,5,3;6,0,2,0,蚀之裂隙 83
2192826,E_Battlepass,2092083,30,10660998,96,5,3;6,0,2,0,蚀之裂隙 83
2192827,E_Battlepass,2092083,30,10660998,96,5,3;6,0,2,0,蚀之裂隙 83
2192831,E_Battlepass,2092084,30,10660998,96,5,3;6,0,2,0,蚀之裂隙 84
2192833,E_Battlepass,2092084,30,10660998,96,5,3;6,0,2,0,蚀之裂隙 84
2192834,E_Battlepass,2092084,30,10660998,96,5,3;6,0,2,0,蚀之裂隙 84
2192835,E_Battlepass,2092084,30,10660998,96,5,3;6,0,2,0,蚀之裂隙 84
2192836,E_Battlepass,2092084,30,10660998,96,5,3;6,0,2,0,蚀之裂隙 84
2192837,E_Battlepass,2092084,30,10660998,96,5,3;6,0,2,0,蚀之裂隙 84
2192841,E_Battlepass,2092085,30,10660998,96,5,3;6,0,2,0,蚀之裂隙 85
2192843,E_Battlepass,2092085,30,10660998,96,5,3;6,0,2,0,蚀之裂隙 85
2192844,E_Battlepass,2092085,30,10660998,96,5,3;6,0,2,0,蚀之裂隙 85
2192845,E_Battlepass,2092085,30,10660998,96,5,3;6,0,2,0,蚀之裂隙 85
2192846,E_Battlepass,2092085,30,10660998,96,5,3;6,0,2,0,蚀之裂隙 85
2192847,E_Battlepass,2092085,30,10660998,96,5,3;6,0,2,0,蚀之裂隙 85
2192851,E_Battlepass,2092086,30,10660998,96,5,3;6,0,2,0,蚀之裂隙 86
2192853,E_Battlepass,2092086,30,10660998,96,5,3;6,0,2,0,蚀之裂隙 86
2192854,E_Battlepass,2092086,30,10660998,96,5,3;6,0,2,0,蚀之裂隙 86
2192855,E_Battlepass,2092086,30,10660998,96,5,3;6,0,2,0,蚀之裂隙 86
2192856,E_Battlepass,2092086,30,10660998,96,5,3;6,0,2,0,蚀之裂隙 86
2192857,E_Battlepass,2092086,30,10660998,96,5,3;6,0,2,0,蚀之裂隙 86
2192861,E_Battlepass,2092087,30,10660998,96,5,3;6,0,2,0,蚀之裂隙 87
2192863,E_Battlepass,2092087,30,10660998,96,5,3;6,0,2,0,蚀之裂隙 87
2192864,E_Battlepass,2092087,30,10660998,96,5,3;6,0,2,0,蚀之裂隙 87
2192865,E_Battlepass,2092087,30,10660998,96,5,3;6,0,2,0,蚀之裂隙 87
2192866,E_Battlepass,2092087,30,10660998,96,5,3;6,0,2,0,蚀之裂隙 87
2192867,E_Battlepass,2092087,30,10660998,96,5,3;6,0,2,0,蚀之裂隙 87
2192871,E_Battlepass,2092088,30,10660998,96,5,3;6,0,2,0,蚀之裂隙 88
2192873,E_Battlepass,2092088,30,10660998,96,5,3;6,0,2,0,蚀之裂隙 88
2192874,E_Battlepass,2092088,30,10660998,96,5,3;6,0,2,0,蚀之裂隙 88
2192875,E_Battlepass,2092088,30,10660998,96,5,3;6,0,2,0,蚀之裂隙 88
2192876,E_Battlepass,2092088,30,10660998,96,5,3;6,0,2,0,蚀之裂隙 88
2192877,E_Battlepass,2092088,30,10660998,96,5,3;6,0,2,0,蚀之裂隙 88
2192881,E_Battlepass,2092089,30,10660998,96,5,3;6,0,2,0,蚀之裂隙 89
2192883,E_Battlepass,2092089,30,10660998,96,5,3;6,0,2,0,蚀之裂隙 89
2192884,E_Battlepass,2092089,30,10660998,96,5,3;6,0,2,0,蚀之裂隙 89
2192885,E_Battlepass,2092089,30,10660998,96,5,3;6,0,2,0,蚀之裂隙 89
2192886,E_Battlepass,2092089,30,10660998,96,5,3;6,0,2,0,蚀之裂隙 89
2192887,E_Battlepass,2092089,30,10660998,96,5,3;6,0,2,0,蚀之裂隙 89
2192891,E_Battlepass,2092090,30,10660998,96,5,3;6,0,2,0,蚀之裂隙 90
2192893,E_Battlepass,2092090,30,10660998,96,5,3;6,0,2,0,蚀之裂隙 90
2192894,E_Battlepass,2092090,30,10660998,96,5,3;6,0,2,0,蚀之裂隙 90
2192895,E_Battlepass,2092090,30,10660998,96,5,3;6,0,2,0,蚀之裂隙 90
2192896,E_Battlepass,2092090,30,10660998,96,5,3;6,0,2,0,蚀之裂隙 90
2192897,E_Battlepass,2092090,30,10660998,96,5,3;6,0,2,0,蚀之裂隙 90
2192901,E_Battlepass,2092091,30,10660999,96,5,3;6,0,2,0,蚀之裂隙 91
2192903,E_Battlepass,2092091,30,10660999,96,5,3;6,0,2,0,蚀之裂隙 91
2192904,E_Battlepass,2092091,30,10660999,96,5,3;6,0,2,0,蚀之裂隙 91
2192905,E_Battlepass,2092091,30,10660999,96,5,3;6,0,2,0,蚀之裂隙 91
2192906,E_Battlepass,2092091,30,10660999,96,5,3;6,0,2,0,蚀之裂隙 91
2192907,E_Battlepass,2092091,30,10660999,96,5,3;6,0,2,0,蚀之裂隙 91
2192911,E_Battlepass,2092092,30,10660999,96,5,3;6,0,2,0,蚀之裂隙 92
2192913,E_Battlepass,2092092,30,10660999,96,5,3;6,0,2,0,蚀之裂隙 92
2192914,E_Battlepass,2092092,30,10660999,96,5,3;6,0,2,0,蚀之裂隙 92
2192915,E_Battlepass,2092092,30,10660999,96,5,3;6,0,2,0,蚀之裂隙 92
2192916,E_Battlepass,2092092,30,10660999,96,5,3;6,0,2,0,蚀之裂隙 92
2192917,E_Battlepass,2092092,30,10660999,96,5,3;6,0,2,0,蚀之裂隙 92
2192921,E_Battlepass,2092093,30,10660999,96,5,3;6,0,2,0,蚀之裂隙 93
2192923,E_Battlepass,2092093,30,10660999,96,5,3;6,0,2,0,蚀之裂隙 93
2192924,E_Battlepass,2092093,30,10660999,96,5,3;6,0,2,0,蚀之裂隙 93
2192925,E_Battlepass,2092093,30,10660999,96,5,3;6,0,2,0,蚀之裂隙 93
2192926,E_Battlepass,2092093,30,10660999,96,5,3;6,0,2,0,蚀之裂隙 93
2192927,E_Battlepass,2092093,30,10660999,96,5,3;6,0,2,0,蚀之裂隙 93
2192931,E_Battlepass,2092094,30,10660999,96,5,3;6,0,2,0,蚀之裂隙 94
2192933,E_Battlepass,2092094,30,10660999,96,5,3;6,0,2,0,蚀之裂隙 94
2192934,E_Battlepass,2092094,30,10660999,96,5,3;6,0,2,0,蚀之裂隙 94
2192935,E_Battlepass,2092094,30,10660999,96,5,3;6,0,2,0,蚀之裂隙 94
2192936,E_Battlepass,2092094,30,10660999,96,5,3;6,0,2,0,蚀之裂隙 94
2192937,E_Battlepass,2092094,30,10660999,96,5,3;6,0,2,0,蚀之裂隙 94
2192941,E_Battlepass,2092095,30,10660999,96,5,3;6,0,2,0,蚀之裂隙 95
2192943,E_Battlepass,2092095,30,10660999,96,5,3;6,0,2,0,蚀之裂隙 95
2192944,E_Battlepass,2092095,30,10660999,96,5,3;6,0,2,0,蚀之裂隙 95
2192945,E_Battlepass,2092095,30,10660999,96,5,3;6,0,2,0,蚀之裂隙 95
2192946,E_Battlepass,2092095,30,10660999,96,5,3;6,0,2,0,蚀之裂隙 95
2192947,E_Battlepass,2092095,30,10660999,96,5,3;6,0,2,0,蚀之裂隙 95
2192951,E_Battlepass,2092096,30,10660999,96,5,3;6,0,2,0,蚀之裂隙 96
2192953,E_Battlepass,2092096,30,10660999,96,5,3;6,0,2,0,蚀之裂隙 96
2192954,E_Battlepass,2092096,30,10660999,96,5,3;6,0,2,0,蚀之裂隙 96
2192955,E_Battlepass,2092096,30,10660999,96,5,3;6,0,2,0,蚀之裂隙 96
2192956,E_Battlepass,2092096,30,10660999,96,5,3;6,0,2,0,蚀之裂隙 96
2192957,E_Battlepass,2092096,30,10660999,96,5,3;6,0,2,0,蚀之裂隙 96
2192961,E_Battlepass,2092097,30,10660999,96,5,3;6,0,2,0,蚀之裂隙 97
2192963,E_Battlepass,2092097,30,10660999,96,5,3;6,0,2,0,蚀之裂隙 97
2192964,E_Battlepass,2092097,30,10660999,96,5,3;6,0,2,0,蚀之裂隙 97
2192965,E_Battlepass,2092097,30,10660999,96,5,3;6,0,2,0,蚀之裂隙 97
2192966,E_Battlepass,2092097,30,10660999,96,5,3;6,0,2,0,蚀之裂隙 97
2192967,E_Battlepass,2092097,30,10660999,96,5,3;6,0,2,0,蚀之裂隙 97
2192971,E_Battlepass,2092098,30,10660999,96,5,3;6,0,2,0,蚀之裂隙 98
2192973,E_Battlepass,2092098,30,10660999,96,5,3;6,0,2,0,蚀之裂隙 98
2192974,E_Battlepass,2092098,30,10660999,96,5,3;6,0,2,0,蚀之裂隙 98
2192975,E_Battlepass,2092098,30,10660999,96,5,3;6,0,2,0,蚀之裂隙 98
2192976,E_Battlepass,2092098,30,10660999,96,5,3;6,0,2,0,蚀之裂隙 98
2192977,E_Battlepass,2092098,30,10660999,96,5,3;6,0,2,0,蚀之裂隙 98
2192981,E_Battlepass,2092099,30,10660999,96,5,3;6,0,2,0,蚀之裂隙 99
2192983,E_Battlepass,2092099,30,10660999,96,5,3;6,0,2,0,蚀之裂隙 99
2192984,E_Battlepass,2092099,30,10660999,96,5,3;6,0,2,0,蚀之裂隙 99
2192985,E_Battlepass,2092099,30,10660999,96,5,3;6,0,2,0,蚀之裂隙 99
2192986,E_Battlepass,2092099,30,10660999,96,5,3;6,0,2,0,蚀之裂隙 99
2192987,E_Battlepass,2092099,30,10660999,96,5,3;6,0,2,0,蚀之裂隙 99
2192991,E_Battlepass,2092100,30,10660999,96,5,3;6,0,2,0,蚀之裂隙 100
2192993,E_Battlepass,2092100,30,10660999,96,5,3;6,0,2,0,蚀之裂隙 100
2192994,E_Battlepass,2092100,30,10660999,96,5,3;6,0,2,0,蚀之裂隙 100
2192995,E_Battlepass,2092100,30,10660999,96,5,3;6,0,2,0,蚀之裂隙 100
2192996,E_Battlepass,2092100,30,10660999,96,5,3;6,0,2,0,蚀之裂隙 100
2192997,E_Battlepass,2092100,30,10660999,96,5,3;6,0,2,0,蚀之裂隙 100
2193001,E_Battlepass,2093001,,10660990,0,1,3;4,0,0,0,蚀之裂隙 1 
2193003,E_Battlepass,2093001,,10660990,0,1,3;4,0,0,0,蚀之裂隙 1 
2193004,E_Battlepass,2093001,,10660990,0,1,3;4,0,0,0,蚀之裂隙 1 
2193005,E_Battlepass,2093001,,10660990,0,1,3;4,0,0,0,蚀之裂隙 1 
2193006,E_Battlepass,2093001,,10660990,0,1,3;4,0,0,0,蚀之裂隙 1 
2193007,E_Battlepass,2093001,,10660990,0,1,3;4,0,0,0,蚀之裂隙 1 
2193011,E_Battlepass,2093002,,10660990,0,1,3;4,0,0,0,蚀之裂隙 2
2193013,E_Battlepass,2093002,,10660990,0,1,3;4,0,0,0,蚀之裂隙 2
2193014,E_Battlepass,2093002,,10660990,0,1,3;4,0,0,0,蚀之裂隙 2
2193015,E_Battlepass,2093002,,10660990,0,1,3;4,0,0,0,蚀之裂隙 2
2193016,E_Battlepass,2093002,,10660990,0,1,3;4,0,0,0,蚀之裂隙 2
2193017,E_Battlepass,2093002,,10660990,0,1,3;4,0,0,0,蚀之裂隙 2
2193021,E_Battlepass,2093003,,10660990,0,1,3;4,0,0,0,蚀之裂隙 3
2193023,E_Battlepass,2093003,,10660990,0,1,3;4,0,0,0,蚀之裂隙 3
2193024,E_Battlepass,2093003,,10660990,0,1,3;4,0,0,0,蚀之裂隙 3
2193025,E_Battlepass,2093003,,10660990,0,1,3;4,0,0,0,蚀之裂隙 3
2193026,E_Battlepass,2093003,,10660990,0,1,3;4,0,0,0,蚀之裂隙 3
2193027,E_Battlepass,2093003,,10660990,0,1,3;4,0,0,0,蚀之裂隙 3
2193031,E_Battlepass,2093004,,10660990,0,1,3;4,0,0,0,蚀之裂隙 4
2193033,E_Battlepass,2093004,,10660990,0,1,3;4,0,0,0,蚀之裂隙 4
2193034,E_Battlepass,2093004,,10660990,0,1,3;4,0,0,0,蚀之裂隙 4
2193035,E_Battlepass,2093004,,10660990,0,1,3;4,0,0,0,蚀之裂隙 4
2193036,E_Battlepass,2093004,,10660990,0,1,3;4,0,0,0,蚀之裂隙 4
2193037,E_Battlepass,2093004,,10660990,0,1,3;4,0,0,0,蚀之裂隙 4
2193041,E_Battlepass,2093005,,10660990,0,1,3;4,0,0,0,蚀之裂隙 5
2193043,E_Battlepass,2093005,,10660990,0,1,3;4,0,0,0,蚀之裂隙 5
2193044,E_Battlepass,2093005,,10660990,0,1,3;4,0,0,0,蚀之裂隙 5
2193045,E_Battlepass,2093005,,10660990,0,1,3;4,0,0,0,蚀之裂隙 5
2193046,E_Battlepass,2093005,,10660990,0,1,3;4,0,0,0,蚀之裂隙 5
2193047,E_Battlepass,2093005,,10660990,0,1,3;4,0,0,0,蚀之裂隙 5
2193051,E_Battlepass,2093006,,10660990,0,1,3;4,0,0,0,蚀之裂隙 6
2193053,E_Battlepass,2093006,,10660990,0,1,3;4,0,0,0,蚀之裂隙 6
2193054,E_Battlepass,2093006,,10660990,0,1,3;4,0,0,0,蚀之裂隙 6
2193055,E_Battlepass,2093006,,10660990,0,1,3;4,0,0,0,蚀之裂隙 6
2193056,E_Battlepass,2093006,,10660990,0,1,3;4,0,0,0,蚀之裂隙 6
2193057,E_Battlepass,2093006,,10660990,0,1,3;4,0,0,0,蚀之裂隙 6
2193061,E_Battlepass,2093007,,10660990,0,1,3;4,0,0,0,蚀之裂隙 7
2193063,E_Battlepass,2093007,,10660990,0,1,3;4,0,0,0,蚀之裂隙 7
2193064,E_Battlepass,2093007,,10660990,0,1,3;4,0,0,0,蚀之裂隙 7
2193065,E_Battlepass,2093007,,10660990,0,1,3;4,0,0,0,蚀之裂隙 7
2193066,E_Battlepass,2093007,,10660990,0,1,3;4,0,0,0,蚀之裂隙 7
2193067,E_Battlepass,2093007,,10660990,0,1,3;4,0,0,0,蚀之裂隙 7
2193071,E_Battlepass,2093008,,10660990,0,1,3;4,0,0,0,蚀之裂隙 8
2193073,E_Battlepass,2093008,,10660990,0,1,3;4,0,0,0,蚀之裂隙 8
2193074,E_Battlepass,2093008,,10660990,0,1,3;4,0,0,0,蚀之裂隙 8
2193075,E_Battlepass,2093008,,10660990,0,1,3;4,0,0,0,蚀之裂隙 8
2193076,E_Battlepass,2093008,,10660990,0,1,3;4,0,0,0,蚀之裂隙 8
2193077,E_Battlepass,2093008,,10660990,0,1,3;4,0,0,0,蚀之裂隙 8
2193081,E_Battlepass,2093009,,10660990,0,1,3;4,0,0,0,蚀之裂隙 9
2193083,E_Battlepass,2093009,,10660990,0,1,3;4,0,0,0,蚀之裂隙 9
2193084,E_Battlepass,2093009,,10660990,0,1,3;4,0,0,0,蚀之裂隙 9
2193085,E_Battlepass,2093009,,10660990,0,1,3;4,0,0,0,蚀之裂隙 9
2193086,E_Battlepass,2093009,,10660990,0,1,3;4,0,0,0,蚀之裂隙 9
2193087,E_Battlepass,2093009,,10660990,0,1,3;4,0,0,0,蚀之裂隙 9
2193091,E_Battlepass,2093010,,10660990,0,1,3;4,0,0,0,蚀之裂隙 10
2193093,E_Battlepass,2093010,,10660990,0,1,3;4,0,0,0,蚀之裂隙 10
2193094,E_Battlepass,2093010,,10660990,0,1,3;4,0,0,0,蚀之裂隙 10
2193095,E_Battlepass,2093010,,10660990,0,1,3;4,0,0,0,蚀之裂隙 10
2193096,E_Battlepass,2093010,,10660990,0,1,3;4,0,0,0,蚀之裂隙 10
2193097,E_Battlepass,2093010,,10660990,0,1,3;4,0,0,0,蚀之裂隙 10
2193101,E_Battlepass,2093011,,10660991,0,1,3;5,0,0,0,蚀之裂隙 11
2193103,E_Battlepass,2093011,,10660991,0,1,3;5,0,0,0,蚀之裂隙 11
2193104,E_Battlepass,2093011,,10660991,0,1,3;5,0,0,0,蚀之裂隙 11
2193105,E_Battlepass,2093011,,10660991,0,1,3;5,0,0,0,蚀之裂隙 11
2193106,E_Battlepass,2093011,,10660991,0,1,3;5,0,0,0,蚀之裂隙 11
2193107,E_Battlepass,2093011,,10660991,0,1,3;5,0,0,0,蚀之裂隙 11
2193111,E_Battlepass,2093012,,10660991,0,1,3;5,0,0,0,蚀之裂隙 12
2193113,E_Battlepass,2093012,,10660991,0,1,3;5,0,0,0,蚀之裂隙 12
2193114,E_Battlepass,2093012,,10660991,0,1,3;5,0,0,0,蚀之裂隙 12
2193115,E_Battlepass,2093012,,10660991,0,1,3;5,0,0,0,蚀之裂隙 12
2193116,E_Battlepass,2093012,,10660991,0,1,3;5,0,0,0,蚀之裂隙 12
2193117,E_Battlepass,2093012,,10660991,0,1,3;5,0,0,0,蚀之裂隙 12
2193121,E_Battlepass,2093013,,10660991,0,1,3;5,0,0,0,蚀之裂隙 13
2193123,E_Battlepass,2093013,,10660991,0,1,3;5,0,0,0,蚀之裂隙 13
2193124,E_Battlepass,2093013,,10660991,0,1,3;5,0,0,0,蚀之裂隙 13
2193125,E_Battlepass,2093013,,10660991,0,1,3;5,0,0,0,蚀之裂隙 13
2193126,E_Battlepass,2093013,,10660991,0,1,3;5,0,0,0,蚀之裂隙 13
2193127,E_Battlepass,2093013,,10660991,0,1,3;5,0,0,0,蚀之裂隙 13
2193131,E_Battlepass,2093014,,10660991,0,1,3;5,0,0,0,蚀之裂隙 14
2193133,E_Battlepass,2093014,,10660991,0,1,3;5,0,0,0,蚀之裂隙 14
2193134,E_Battlepass,2093014,,10660991,0,1,3;5,0,0,0,蚀之裂隙 14
2193135,E_Battlepass,2093014,,10660991,0,1,3;5,0,0,0,蚀之裂隙 14
2193136,E_Battlepass,2093014,,10660991,0,1,3;5,0,0,0,蚀之裂隙 14
2193137,E_Battlepass,2093014,,10660991,0,1,3;5,0,0,0,蚀之裂隙 14
2193141,E_Battlepass,2093015,,10660991,0,1,3;5,0,0,0,蚀之裂隙 15
2193143,E_Battlepass,2093015,,10660991,0,1,3;5,0,0,0,蚀之裂隙 15
2193144,E_Battlepass,2093015,,10660991,0,1,3;5,0,0,0,蚀之裂隙 15
2193145,E_Battlepass,2093015,,10660991,0,1,3;5,0,0,0,蚀之裂隙 15
2193146,E_Battlepass,2093015,,10660991,0,1,3;5,0,0,0,蚀之裂隙 15
2193147,E_Battlepass,2093015,,10660991,0,1,3;5,0,0,0,蚀之裂隙 15
2193151,E_Battlepass,2093016,,10660991,0,1,3;5,0,0,0,蚀之裂隙 16
2193153,E_Battlepass,2093016,,10660991,0,1,3;5,0,0,0,蚀之裂隙 16
2193154,E_Battlepass,2093016,,10660991,0,1,3;5,0,0,0,蚀之裂隙 16
2193155,E_Battlepass,2093016,,10660991,0,1,3;5,0,0,0,蚀之裂隙 16
2193156,E_Battlepass,2093016,,10660991,0,1,3;5,0,0,0,蚀之裂隙 16
2193157,E_Battlepass,2093016,,10660991,0,1,3;5,0,0,0,蚀之裂隙 16
2193161,E_Battlepass,2093017,,10660991,0,1,3;5,0,0,0,蚀之裂隙 17
2193163,E_Battlepass,2093017,,10660991,0,1,3;5,0,0,0,蚀之裂隙 17
2193164,E_Battlepass,2093017,,10660991,0,1,3;5,0,0,0,蚀之裂隙 17
2193165,E_Battlepass,2093017,,10660991,0,1,3;5,0,0,0,蚀之裂隙 17
2193166,E_Battlepass,2093017,,10660991,0,1,3;5,0,0,0,蚀之裂隙 17
2193167,E_Battlepass,2093017,,10660991,0,1,3;5,0,0,0,蚀之裂隙 17
2193171,E_Battlepass,2093018,,10660991,0,1,3;5,0,0,0,蚀之裂隙 18
2193173,E_Battlepass,2093018,,10660991,0,1,3;5,0,0,0,蚀之裂隙 18
2193174,E_Battlepass,2093018,,10660991,0,1,3;5,0,0,0,蚀之裂隙 18
2193175,E_Battlepass,2093018,,10660991,0,1,3;5,0,0,0,蚀之裂隙 18
2193176,E_Battlepass,2093018,,10660991,0,1,3;5,0,0,0,蚀之裂隙 18
2193177,E_Battlepass,2093018,,10660991,0,1,3;5,0,0,0,蚀之裂隙 18
2193181,E_Battlepass,2093019,,10660991,0,1,3;5,0,0,0,蚀之裂隙 19
2193183,E_Battlepass,2093019,,10660991,0,1,3;5,0,0,0,蚀之裂隙 19
2193184,E_Battlepass,2093019,,10660991,0,1,3;5,0,0,0,蚀之裂隙 19
2193185,E_Battlepass,2093019,,10660991,0,1,3;5,0,0,0,蚀之裂隙 19
2193186,E_Battlepass,2093019,,10660991,0,1,3;5,0,0,0,蚀之裂隙 19
2193187,E_Battlepass,2093019,,10660991,0,1,3;5,0,0,0,蚀之裂隙 19
2193191,E_Battlepass,2093020,,10660991,0,1,3;5,0,0,0,蚀之裂隙 20
2193193,E_Battlepass,2093020,,10660991,0,1,3;5,0,0,0,蚀之裂隙 20
2193194,E_Battlepass,2093020,,10660991,0,1,3;5,0,0,0,蚀之裂隙 20
2193195,E_Battlepass,2093020,,10660991,0,1,3;5,0,0,0,蚀之裂隙 20
2193196,E_Battlepass,2093020,,10660991,0,1,3;5,0,0,0,蚀之裂隙 20
2193197,E_Battlepass,2093020,,10660991,0,1,3;5,0,0,0,蚀之裂隙 20
2193201,E_Battlepass,2093021,,10660992,0,1,3;6,0,0,0,蚀之裂隙 21
2193203,E_Battlepass,2093021,,10660992,0,1,3;6,0,0,0,蚀之裂隙 21
2193204,E_Battlepass,2093021,,10660992,0,1,3;6,0,0,0,蚀之裂隙 21
2193205,E_Battlepass,2093021,,10660992,0,1,3;6,0,0,0,蚀之裂隙 21
2193206,E_Battlepass,2093021,,10660992,0,1,3;6,0,0,0,蚀之裂隙 21
2193207,E_Battlepass,2093021,,10660992,0,1,3;6,0,0,0,蚀之裂隙 21
2193211,E_Battlepass,2093022,,10660992,0,1,3;6,0,0,0,蚀之裂隙 22
2193213,E_Battlepass,2093022,,10660992,0,1,3;6,0,0,0,蚀之裂隙 22
2193214,E_Battlepass,2093022,,10660992,0,1,3;6,0,0,0,蚀之裂隙 22
2193215,E_Battlepass,2093022,,10660992,0,1,3;6,0,0,0,蚀之裂隙 22
2193216,E_Battlepass,2093022,,10660992,0,1,3;6,0,0,0,蚀之裂隙 22
2193217,E_Battlepass,2093022,,10660992,0,1,3;6,0,0,0,蚀之裂隙 22
2193221,E_Battlepass,2093023,,10660992,0,1,3;6,0,0,0,蚀之裂隙 23
2193223,E_Battlepass,2093023,,10660992,0,1,3;6,0,0,0,蚀之裂隙 23
2193224,E_Battlepass,2093023,,10660992,0,1,3;6,0,0,0,蚀之裂隙 23
2193225,E_Battlepass,2093023,,10660992,0,1,3;6,0,0,0,蚀之裂隙 23
2193226,E_Battlepass,2093023,,10660992,0,1,3;6,0,0,0,蚀之裂隙 23
2193227,E_Battlepass,2093023,,10660992,0,1,3;6,0,0,0,蚀之裂隙 23
2193231,E_Battlepass,2093024,,10660992,0,1,3;6,0,0,0,蚀之裂隙 24
2193233,E_Battlepass,2093024,,10660992,0,1,3;6,0,0,0,蚀之裂隙 24
2193234,E_Battlepass,2093024,,10660992,0,1,3;6,0,0,0,蚀之裂隙 24
2193235,E_Battlepass,2093024,,10660992,0,1,3;6,0,0,0,蚀之裂隙 24
2193236,E_Battlepass,2093024,,10660992,0,1,3;6,0,0,0,蚀之裂隙 24
2193237,E_Battlepass,2093024,,10660992,0,1,3;6,0,0,0,蚀之裂隙 24
2193241,E_Battlepass,2093025,,10660992,0,1,3;6,0,0,0,蚀之裂隙 25
2193243,E_Battlepass,2093025,,10660992,0,1,3;6,0,0,0,蚀之裂隙 25
2193244,E_Battlepass,2093025,,10660992,0,1,3;6,0,0,0,蚀之裂隙 25
2193245,E_Battlepass,2093025,,10660992,0,1,3;6,0,0,0,蚀之裂隙 25
2193246,E_Battlepass,2093025,,10660992,0,1,3;6,0,0,0,蚀之裂隙 25
2193247,E_Battlepass,2093025,,10660992,0,1,3;6,0,0,0,蚀之裂隙 25
2193251,E_Battlepass,2093026,,10660992,0,1,3;6,0,0,0,蚀之裂隙 26
2193253,E_Battlepass,2093026,,10660992,0,1,3;6,0,0,0,蚀之裂隙 26
2193254,E_Battlepass,2093026,,10660992,0,1,3;6,0,0,0,蚀之裂隙 26
2193255,E_Battlepass,2093026,,10660992,0,1,3;6,0,0,0,蚀之裂隙 26
2193256,E_Battlepass,2093026,,10660992,0,1,3;6,0,0,0,蚀之裂隙 26
2193257,E_Battlepass,2093026,,10660992,0,1,3;6,0,0,0,蚀之裂隙 26
2193261,E_Battlepass,2093027,,10660992,0,1,3;6,0,0,0,蚀之裂隙 27
2193263,E_Battlepass,2093027,,10660992,0,1,3;6,0,0,0,蚀之裂隙 27
2193264,E_Battlepass,2093027,,10660992,0,1,3;6,0,0,0,蚀之裂隙 27
2193265,E_Battlepass,2093027,,10660992,0,1,3;6,0,0,0,蚀之裂隙 27
2193266,E_Battlepass,2093027,,10660992,0,1,3;6,0,0,0,蚀之裂隙 27
2193267,E_Battlepass,2093027,,10660992,0,1,3;6,0,0,0,蚀之裂隙 27
2193271,E_Battlepass,2093028,,10660992,0,1,3;6,0,0,0,蚀之裂隙 28
2193273,E_Battlepass,2093028,,10660992,0,1,3;6,0,0,0,蚀之裂隙 28
2193274,E_Battlepass,2093028,,10660992,0,1,3;6,0,0,0,蚀之裂隙 28
2193275,E_Battlepass,2093028,,10660992,0,1,3;6,0,0,0,蚀之裂隙 28
2193276,E_Battlepass,2093028,,10660992,0,1,3;6,0,0,0,蚀之裂隙 28
2193277,E_Battlepass,2093028,,10660992,0,1,3;6,0,0,0,蚀之裂隙 28
2193281,E_Battlepass,2093029,,10660992,0,1,3;6,0,0,0,蚀之裂隙 29
2193283,E_Battlepass,2093029,,10660992,0,1,3;6,0,0,0,蚀之裂隙 29
2193284,E_Battlepass,2093029,,10660992,0,1,3;6,0,0,0,蚀之裂隙 29
2193285,E_Battlepass,2093029,,10660992,0,1,3;6,0,0,0,蚀之裂隙 29
2193286,E_Battlepass,2093029,,10660992,0,1,3;6,0,0,0,蚀之裂隙 29
2193287,E_Battlepass,2093029,,10660992,0,1,3;6,0,0,0,蚀之裂隙 29
2193291,E_Battlepass,2093030,,10660992,0,1,3;6,0,0,0,蚀之裂隙 30
2193293,E_Battlepass,2093030,,10660992,0,1,3;6,0,0,0,蚀之裂隙 30
2193294,E_Battlepass,2093030,,10660992,0,1,3;6,0,0,0,蚀之裂隙 30
2193295,E_Battlepass,2093030,,10660992,0,1,3;6,0,0,0,蚀之裂隙 30
2193296,E_Battlepass,2093030,,10660992,0,1,3;6,0,0,0,蚀之裂隙 30
2193297,E_Battlepass,2093030,,10660992,0,1,3;6,0,0,0,蚀之裂隙 30
2193301,E_Battlepass,2093031,,10660993,0,1,3;6,0,0,0,蚀之裂隙 31
2193303,E_Battlepass,2093031,,10660993,0,1,3;6,0,0,0,蚀之裂隙 31
2193304,E_Battlepass,2093031,,10660993,0,1,3;6,0,0,0,蚀之裂隙 31
2193305,E_Battlepass,2093031,,10660993,0,1,3;6,0,0,0,蚀之裂隙 31
2193306,E_Battlepass,2093031,,10660993,0,1,3;6,0,0,0,蚀之裂隙 31
2193307,E_Battlepass,2093031,,10660993,0,1,3;6,0,0,0,蚀之裂隙 31
2193311,E_Battlepass,2093032,,10660993,0,1,3;6,0,0,0,蚀之裂隙 32
2193313,E_Battlepass,2093032,,10660993,0,1,3;6,0,0,0,蚀之裂隙 32
2193314,E_Battlepass,2093032,,10660993,0,1,3;6,0,0,0,蚀之裂隙 32
2193315,E_Battlepass,2093032,,10660993,0,1,3;6,0,0,0,蚀之裂隙 32
2193316,E_Battlepass,2093032,,10660993,0,1,3;6,0,0,0,蚀之裂隙 32
2193317,E_Battlepass,2093032,,10660993,0,1,3;6,0,0,0,蚀之裂隙 32
2193321,E_Battlepass,2093033,,10660993,0,1,3;6,0,0,0,蚀之裂隙 33
2193323,E_Battlepass,2093033,,10660993,0,1,3;6,0,0,0,蚀之裂隙 33
2193324,E_Battlepass,2093033,,10660993,0,1,3;6,0,0,0,蚀之裂隙 33
2193325,E_Battlepass,2093033,,10660993,0,1,3;6,0,0,0,蚀之裂隙 33
2193326,E_Battlepass,2093033,,10660993,0,1,3;6,0,0,0,蚀之裂隙 33
2193327,E_Battlepass,2093033,,10660993,0,1,3;6,0,0,0,蚀之裂隙 33
2193331,E_Battlepass,2093034,,10660993,0,1,3;6,0,0,0,蚀之裂隙 34
2193333,E_Battlepass,2093034,,10660993,0,1,3;6,0,0,0,蚀之裂隙 34
2193334,E_Battlepass,2093034,,10660993,0,1,3;6,0,0,0,蚀之裂隙 34
2193335,E_Battlepass,2093034,,10660993,0,1,3;6,0,0,0,蚀之裂隙 34
2193336,E_Battlepass,2093034,,10660993,0,1,3;6,0,0,0,蚀之裂隙 34
2193337,E_Battlepass,2093034,,10660993,0,1,3;6,0,0,0,蚀之裂隙 34
2193341,E_Battlepass,2093035,,10660993,0,1,3;6,0,0,0,蚀之裂隙 35
2193343,E_Battlepass,2093035,,10660993,0,1,3;6,0,0,0,蚀之裂隙 35
2193344,E_Battlepass,2093035,,10660993,0,1,3;6,0,0,0,蚀之裂隙 35
2193345,E_Battlepass,2093035,,10660993,0,1,3;6,0,0,0,蚀之裂隙 35
2193346,E_Battlepass,2093035,,10660993,0,1,3;6,0,0,0,蚀之裂隙 35
2193347,E_Battlepass,2093035,,10660993,0,1,3;6,0,0,0,蚀之裂隙 35
2193351,E_Battlepass,2093036,,10660993,0,1,3;6,0,0,0,蚀之裂隙 36
2193353,E_Battlepass,2093036,,10660993,0,1,3;6,0,0,0,蚀之裂隙 36
2193354,E_Battlepass,2093036,,10660993,0,1,3;6,0,0,0,蚀之裂隙 36
2193355,E_Battlepass,2093036,,10660993,0,1,3;6,0,0,0,蚀之裂隙 36
2193356,E_Battlepass,2093036,,10660993,0,1,3;6,0,0,0,蚀之裂隙 36
2193357,E_Battlepass,2093036,,10660993,0,1,3;6,0,0,0,蚀之裂隙 36
2193361,E_Battlepass,2093037,,10660993,0,1,3;6,0,0,0,蚀之裂隙 37
2193363,E_Battlepass,2093037,,10660993,0,1,3;6,0,0,0,蚀之裂隙 37
2193364,E_Battlepass,2093037,,10660993,0,1,3;6,0,0,0,蚀之裂隙 37
2193365,E_Battlepass,2093037,,10660993,0,1,3;6,0,0,0,蚀之裂隙 37
2193366,E_Battlepass,2093037,,10660993,0,1,3;6,0,0,0,蚀之裂隙 37
2193367,E_Battlepass,2093037,,10660993,0,1,3;6,0,0,0,蚀之裂隙 37
2193371,E_Battlepass,2093038,,10660993,0,1,3;6,0,0,0,蚀之裂隙 38
2193373,E_Battlepass,2093038,,10660993,0,1,3;6,0,0,0,蚀之裂隙 38
2193374,E_Battlepass,2093038,,10660993,0,1,3;6,0,0,0,蚀之裂隙 38
2193375,E_Battlepass,2093038,,10660993,0,1,3;6,0,0,0,蚀之裂隙 38
2193376,E_Battlepass,2093038,,10660993,0,1,3;6,0,0,0,蚀之裂隙 38
2193377,E_Battlepass,2093038,,10660993,0,1,3;6,0,0,0,蚀之裂隙 38
2193381,E_Battlepass,2093039,,10660993,0,1,3;6,0,0,0,蚀之裂隙 39
2193383,E_Battlepass,2093039,,10660993,0,1,3;6,0,0,0,蚀之裂隙 39
2193384,E_Battlepass,2093039,,10660993,0,1,3;6,0,0,0,蚀之裂隙 39
2193385,E_Battlepass,2093039,,10660993,0,1,3;6,0,0,0,蚀之裂隙 39
2193386,E_Battlepass,2093039,,10660993,0,1,3;6,0,0,0,蚀之裂隙 39
2193387,E_Battlepass,2093039,,10660993,0,1,3;6,0,0,0,蚀之裂隙 39
2193391,E_Battlepass,2093040,,10660993,0,1,3;6,0,0,0,蚀之裂隙 40
2193393,E_Battlepass,2093040,,10660993,0,1,3;6,0,0,0,蚀之裂隙 40
2193394,E_Battlepass,2093040,,10660993,0,1,3;6,0,0,0,蚀之裂隙 40
2193395,E_Battlepass,2093040,,10660993,0,1,3;6,0,0,0,蚀之裂隙 40
2193396,E_Battlepass,2093040,,10660993,0,1,3;6,0,0,0,蚀之裂隙 40
2193397,E_Battlepass,2093040,,10660993,0,1,3;6,0,0,0,蚀之裂隙 40
2193401,E_Battlepass,2093041,,10660994,0,1,3;6,0,0,0,蚀之裂隙 41
2193403,E_Battlepass,2093041,,10660994,0,1,3;6,0,0,0,蚀之裂隙 41
2193404,E_Battlepass,2093041,,10660994,0,1,3;6,0,0,0,蚀之裂隙 41
2193405,E_Battlepass,2093041,,10660994,0,1,3;6,0,0,0,蚀之裂隙 41
2193406,E_Battlepass,2093041,,10660994,0,1,3;6,0,0,0,蚀之裂隙 41
2193407,E_Battlepass,2093041,,10660994,0,1,3;6,0,0,0,蚀之裂隙 41
2193411,E_Battlepass,2093042,,10660994,0,1,3;6,0,0,0,蚀之裂隙 42
2193413,E_Battlepass,2093042,,10660994,0,1,3;6,0,0,0,蚀之裂隙 42
2193414,E_Battlepass,2093042,,10660994,0,1,3;6,0,0,0,蚀之裂隙 42
2193415,E_Battlepass,2093042,,10660994,0,1,3;6,0,0,0,蚀之裂隙 42
2193416,E_Battlepass,2093042,,10660994,0,1,3;6,0,0,0,蚀之裂隙 42
2193417,E_Battlepass,2093042,,10660994,0,1,3;6,0,0,0,蚀之裂隙 42
2193421,E_Battlepass,2093043,,10660994,0,1,3;6,0,0,0,蚀之裂隙 43
2193423,E_Battlepass,2093043,,10660994,0,1,3;6,0,0,0,蚀之裂隙 43
2193424,E_Battlepass,2093043,,10660994,0,1,3;6,0,0,0,蚀之裂隙 43
2193425,E_Battlepass,2093043,,10660994,0,1,3;6,0,0,0,蚀之裂隙 43
2193426,E_Battlepass,2093043,,10660994,0,1,3;6,0,0,0,蚀之裂隙 43
2193427,E_Battlepass,2093043,,10660994,0,1,3;6,0,0,0,蚀之裂隙 43
2193431,E_Battlepass,2093044,,10660994,0,1,3;6,0,0,0,蚀之裂隙 44
2193433,E_Battlepass,2093044,,10660994,0,1,3;6,0,0,0,蚀之裂隙 44
2193434,E_Battlepass,2093044,,10660994,0,1,3;6,0,0,0,蚀之裂隙 44
2193435,E_Battlepass,2093044,,10660994,0,1,3;6,0,0,0,蚀之裂隙 44
2193436,E_Battlepass,2093044,,10660994,0,1,3;6,0,0,0,蚀之裂隙 44
2193437,E_Battlepass,2093044,,10660994,0,1,3;6,0,0,0,蚀之裂隙 44
2193441,E_Battlepass,2093045,,10660994,0,1,3;6,0,0,0,蚀之裂隙 45
2193443,E_Battlepass,2093045,,10660994,0,1,3;6,0,0,0,蚀之裂隙 45
2193444,E_Battlepass,2093045,,10660994,0,1,3;6,0,0,0,蚀之裂隙 45
2193445,E_Battlepass,2093045,,10660994,0,1,3;6,0,0,0,蚀之裂隙 45
2193446,E_Battlepass,2093045,,10660994,0,1,3;6,0,0,0,蚀之裂隙 45
2193447,E_Battlepass,2093045,,10660994,0,1,3;6,0,0,0,蚀之裂隙 45
2193451,E_Battlepass,2093046,,10660994,0,1,3;6,0,0,0,蚀之裂隙 46
2193453,E_Battlepass,2093046,,10660994,0,1,3;6,0,0,0,蚀之裂隙 46
2193454,E_Battlepass,2093046,,10660994,0,1,3;6,0,0,0,蚀之裂隙 46
2193455,E_Battlepass,2093046,,10660994,0,1,3;6,0,0,0,蚀之裂隙 46
2193456,E_Battlepass,2093046,,10660994,0,1,3;6,0,0,0,蚀之裂隙 46
2193457,E_Battlepass,2093046,,10660994,0,1,3;6,0,0,0,蚀之裂隙 46
2193461,E_Battlepass,2093047,,10660994,0,1,3;6,0,0,0,蚀之裂隙 47
2193463,E_Battlepass,2093047,,10660994,0,1,3;6,0,0,0,蚀之裂隙 47
2193464,E_Battlepass,2093047,,10660994,0,1,3;6,0,0,0,蚀之裂隙 47
2193465,E_Battlepass,2093047,,10660994,0,1,3;6,0,0,0,蚀之裂隙 47
2193466,E_Battlepass,2093047,,10660994,0,1,3;6,0,0,0,蚀之裂隙 47
2193467,E_Battlepass,2093047,,10660994,0,1,3;6,0,0,0,蚀之裂隙 47
2193471,E_Battlepass,2093048,,10660994,0,1,3;6,0,0,0,蚀之裂隙 48
2193473,E_Battlepass,2093048,,10660994,0,1,3;6,0,0,0,蚀之裂隙 48
2193474,E_Battlepass,2093048,,10660994,0,1,3;6,0,0,0,蚀之裂隙 48
2193475,E_Battlepass,2093048,,10660994,0,1,3;6,0,0,0,蚀之裂隙 48
2193476,E_Battlepass,2093048,,10660994,0,1,3;6,0,0,0,蚀之裂隙 48
2193477,E_Battlepass,2093048,,10660994,0,1,3;6,0,0,0,蚀之裂隙 48
2193481,E_Battlepass,2093049,,10660994,0,1,3;6,0,0,0,蚀之裂隙 49
2193483,E_Battlepass,2093049,,10660994,0,1,3;6,0,0,0,蚀之裂隙 49
2193484,E_Battlepass,2093049,,10660994,0,1,3;6,0,0,0,蚀之裂隙 49
2193485,E_Battlepass,2093049,,10660994,0,1,3;6,0,0,0,蚀之裂隙 49
2193486,E_Battlepass,2093049,,10660994,0,1,3;6,0,0,0,蚀之裂隙 49
2193487,E_Battlepass,2093049,,10660994,0,1,3;6,0,0,0,蚀之裂隙 49
2193491,E_Battlepass,2093050,,10660994,0,1,3;6,0,0,0,蚀之裂隙 50
2193493,E_Battlepass,2093050,,10660994,0,1,3;6,0,0,0,蚀之裂隙 50
2193494,E_Battlepass,2093050,,10660994,0,1,3;6,0,0,0,蚀之裂隙 50
2193495,E_Battlepass,2093050,,10660994,0,1,3;6,0,0,0,蚀之裂隙 50
2193496,E_Battlepass,2093050,,10660994,0,1,3;6,0,0,0,蚀之裂隙 50
2193497,E_Battlepass,2093050,,10660994,0,1,3;6,0,0,0,蚀之裂隙 50
2193501,E_Battlepass,2093051,,10660995,0,1,3;6,0,0,0,蚀之裂隙 51
2193503,E_Battlepass,2093051,,10660995,0,1,3;6,0,0,0,蚀之裂隙 51
2193504,E_Battlepass,2093051,,10660995,0,1,3;6,0,0,0,蚀之裂隙 51
2193505,E_Battlepass,2093051,,10660995,0,1,3;6,0,0,0,蚀之裂隙 51
2193506,E_Battlepass,2093051,,10660995,0,1,3;6,0,0,0,蚀之裂隙 51
2193507,E_Battlepass,2093051,,10660995,0,1,3;6,0,0,0,蚀之裂隙 51
2193511,E_Battlepass,2093052,,10660995,0,1,3;6,0,0,0,蚀之裂隙 52
2193513,E_Battlepass,2093052,,10660995,0,1,3;6,0,0,0,蚀之裂隙 52
2193514,E_Battlepass,2093052,,10660995,0,1,3;6,0,0,0,蚀之裂隙 52
2193515,E_Battlepass,2093052,,10660995,0,1,3;6,0,0,0,蚀之裂隙 52
2193516,E_Battlepass,2093052,,10660995,0,1,3;6,0,0,0,蚀之裂隙 52
2193517,E_Battlepass,2093052,,10660995,0,1,3;6,0,0,0,蚀之裂隙 52
2193521,E_Battlepass,2093053,,10660995,0,1,3;6,0,0,0,蚀之裂隙 53
2193523,E_Battlepass,2093053,,10660995,0,1,3;6,0,0,0,蚀之裂隙 53
2193524,E_Battlepass,2093053,,10660995,0,1,3;6,0,0,0,蚀之裂隙 53
2193525,E_Battlepass,2093053,,10660995,0,1,3;6,0,0,0,蚀之裂隙 53
2193526,E_Battlepass,2093053,,10660995,0,1,3;6,0,0,0,蚀之裂隙 53
2193527,E_Battlepass,2093053,,10660995,0,1,3;6,0,0,0,蚀之裂隙 53
2193531,E_Battlepass,2093054,,10660995,0,1,3;6,0,0,0,蚀之裂隙 54
2193533,E_Battlepass,2093054,,10660995,0,1,3;6,0,0,0,蚀之裂隙 54
2193534,E_Battlepass,2093054,,10660995,0,1,3;6,0,0,0,蚀之裂隙 54
2193535,E_Battlepass,2093054,,10660995,0,1,3;6,0,0,0,蚀之裂隙 54
2193536,E_Battlepass,2093054,,10660995,0,1,3;6,0,0,0,蚀之裂隙 54
2193537,E_Battlepass,2093054,,10660995,0,1,3;6,0,0,0,蚀之裂隙 54
2193541,E_Battlepass,2093055,,10660995,0,1,3;6,0,0,0,蚀之裂隙 55
2193543,E_Battlepass,2093055,,10660995,0,1,3;6,0,0,0,蚀之裂隙 55
2193544,E_Battlepass,2093055,,10660995,0,1,3;6,0,0,0,蚀之裂隙 55
2193545,E_Battlepass,2093055,,10660995,0,1,3;6,0,0,0,蚀之裂隙 55
2193546,E_Battlepass,2093055,,10660995,0,1,3;6,0,0,0,蚀之裂隙 55
2193547,E_Battlepass,2093055,,10660995,0,1,3;6,0,0,0,蚀之裂隙 55
2193551,E_Battlepass,2093056,,10660995,0,1,3;6,0,0,0,蚀之裂隙 56
2193553,E_Battlepass,2093056,,10660995,0,1,3;6,0,0,0,蚀之裂隙 56
2193554,E_Battlepass,2093056,,10660995,0,1,3;6,0,0,0,蚀之裂隙 56
2193555,E_Battlepass,2093056,,10660995,0,1,3;6,0,0,0,蚀之裂隙 56
2193556,E_Battlepass,2093056,,10660995,0,1,3;6,0,0,0,蚀之裂隙 56
2193557,E_Battlepass,2093056,,10660995,0,1,3;6,0,0,0,蚀之裂隙 56
2193561,E_Battlepass,2093057,,10660995,0,1,3;6,0,0,0,蚀之裂隙 57
2193563,E_Battlepass,2093057,,10660995,0,1,3;6,0,0,0,蚀之裂隙 57
2193564,E_Battlepass,2093057,,10660995,0,1,3;6,0,0,0,蚀之裂隙 57
2193565,E_Battlepass,2093057,,10660995,0,1,3;6,0,0,0,蚀之裂隙 57
2193566,E_Battlepass,2093057,,10660995,0,1,3;6,0,0,0,蚀之裂隙 57
2193567,E_Battlepass,2093057,,10660995,0,1,3;6,0,0,0,蚀之裂隙 57
2193571,E_Battlepass,2093058,,10660995,0,1,3;6,0,0,0,蚀之裂隙 58
2193573,E_Battlepass,2093058,,10660995,0,1,3;6,0,0,0,蚀之裂隙 58
2193574,E_Battlepass,2093058,,10660995,0,1,3;6,0,0,0,蚀之裂隙 58
2193575,E_Battlepass,2093058,,10660995,0,1,3;6,0,0,0,蚀之裂隙 58
2193576,E_Battlepass,2093058,,10660995,0,1,3;6,0,0,0,蚀之裂隙 58
2193577,E_Battlepass,2093058,,10660995,0,1,3;6,0,0,0,蚀之裂隙 58
2193581,E_Battlepass,2093059,,10660995,0,1,3;6,0,0,0,蚀之裂隙 59
2193583,E_Battlepass,2093059,,10660995,0,1,3;6,0,0,0,蚀之裂隙 59
2193584,E_Battlepass,2093059,,10660995,0,1,3;6,0,0,0,蚀之裂隙 59
2193585,E_Battlepass,2093059,,10660995,0,1,3;6,0,0,0,蚀之裂隙 59
2193586,E_Battlepass,2093059,,10660995,0,1,3;6,0,0,0,蚀之裂隙 59
2193587,E_Battlepass,2093059,,10660995,0,1,3;6,0,0,0,蚀之裂隙 59
2193591,E_Battlepass,2093060,,10660995,0,1,3;6,0,0,0,蚀之裂隙 60
2193593,E_Battlepass,2093060,,10660995,0,1,3;6,0,0,0,蚀之裂隙 60
2193594,E_Battlepass,2093060,,10660995,0,1,3;6,0,0,0,蚀之裂隙 60
2193595,E_Battlepass,2093060,,10660995,0,1,3;6,0,0,0,蚀之裂隙 60
2193596,E_Battlepass,2093060,,10660995,0,1,3;6,0,0,0,蚀之裂隙 60
2193597,E_Battlepass,2093060,,10660995,0,1,3;6,0,0,0,蚀之裂隙 60
2193601,E_Battlepass,2093061,,10660996,0,1,3;6,0,0,0,蚀之裂隙 61
2193603,E_Battlepass,2093061,,10660996,0,1,3;6,0,0,0,蚀之裂隙 61
2193604,E_Battlepass,2093061,,10660996,0,1,3;6,0,0,0,蚀之裂隙 61
2193605,E_Battlepass,2093061,,10660996,0,1,3;6,0,0,0,蚀之裂隙 61
2193606,E_Battlepass,2093061,,10660996,0,1,3;6,0,0,0,蚀之裂隙 61
2193607,E_Battlepass,2093061,,10660996,0,1,3;6,0,0,0,蚀之裂隙 61
2193611,E_Battlepass,2093062,,10660996,0,1,3;6,0,0,0,蚀之裂隙 62
2193613,E_Battlepass,2093062,,10660996,0,1,3;6,0,0,0,蚀之裂隙 62
2193614,E_Battlepass,2093062,,10660996,0,1,3;6,0,0,0,蚀之裂隙 62
2193615,E_Battlepass,2093062,,10660996,0,1,3;6,0,0,0,蚀之裂隙 62
2193616,E_Battlepass,2093062,,10660996,0,1,3;6,0,0,0,蚀之裂隙 62
2193617,E_Battlepass,2093062,,10660996,0,1,3;6,0,0,0,蚀之裂隙 62
2193621,E_Battlepass,2093063,,10660996,0,1,3;6,0,0,0,蚀之裂隙 63
2193623,E_Battlepass,2093063,,10660996,0,1,3;6,0,0,0,蚀之裂隙 63
2193624,E_Battlepass,2093063,,10660996,0,1,3;6,0,0,0,蚀之裂隙 63
2193625,E_Battlepass,2093063,,10660996,0,1,3;6,0,0,0,蚀之裂隙 63
2193626,E_Battlepass,2093063,,10660996,0,1,3;6,0,0,0,蚀之裂隙 63
2193627,E_Battlepass,2093063,,10660996,0,1,3;6,0,0,0,蚀之裂隙 63
2193631,E_Battlepass,2093064,,10660996,0,1,3;6,0,0,0,蚀之裂隙 64
2193633,E_Battlepass,2093064,,10660996,0,1,3;6,0,0,0,蚀之裂隙 64
2193634,E_Battlepass,2093064,,10660996,0,1,3;6,0,0,0,蚀之裂隙 64
2193635,E_Battlepass,2093064,,10660996,0,1,3;6,0,0,0,蚀之裂隙 64
2193636,E_Battlepass,2093064,,10660996,0,1,3;6,0,0,0,蚀之裂隙 64
2193637,E_Battlepass,2093064,,10660996,0,1,3;6,0,0,0,蚀之裂隙 64
2193641,E_Battlepass,2093065,,10660996,0,1,3;6,0,0,0,蚀之裂隙 65
2193643,E_Battlepass,2093065,,10660996,0,1,3;6,0,0,0,蚀之裂隙 65
2193644,E_Battlepass,2093065,,10660996,0,1,3;6,0,0,0,蚀之裂隙 65
2193645,E_Battlepass,2093065,,10660996,0,1,3;6,0,0,0,蚀之裂隙 65
2193646,E_Battlepass,2093065,,10660996,0,1,3;6,0,0,0,蚀之裂隙 65
2193647,E_Battlepass,2093065,,10660996,0,1,3;6,0,0,0,蚀之裂隙 65
2193651,E_Battlepass,2093066,,10660996,0,1,3;6,0,0,0,蚀之裂隙 66
2193653,E_Battlepass,2093066,,10660996,0,1,3;6,0,0,0,蚀之裂隙 66
2193654,E_Battlepass,2093066,,10660996,0,1,3;6,0,0,0,蚀之裂隙 66
2193655,E_Battlepass,2093066,,10660996,0,1,3;6,0,0,0,蚀之裂隙 66
2193656,E_Battlepass,2093066,,10660996,0,1,3;6,0,0,0,蚀之裂隙 66
2193657,E_Battlepass,2093066,,10660996,0,1,3;6,0,0,0,蚀之裂隙 66
2193661,E_Battlepass,2093067,,10660996,0,1,3;6,0,0,0,蚀之裂隙 67
2193663,E_Battlepass,2093067,,10660996,0,1,3;6,0,0,0,蚀之裂隙 67
2193664,E_Battlepass,2093067,,10660996,0,1,3;6,0,0,0,蚀之裂隙 67
2193665,E_Battlepass,2093067,,10660996,0,1,3;6,0,0,0,蚀之裂隙 67
2193666,E_Battlepass,2093067,,10660996,0,1,3;6,0,0,0,蚀之裂隙 67
2193667,E_Battlepass,2093067,,10660996,0,1,3;6,0,0,0,蚀之裂隙 67
2193671,E_Battlepass,2093068,,10660996,0,1,3;6,0,0,0,蚀之裂隙 68
2193673,E_Battlepass,2093068,,10660996,0,1,3;6,0,0,0,蚀之裂隙 68
2193674,E_Battlepass,2093068,,10660996,0,1,3;6,0,0,0,蚀之裂隙 68
2193675,E_Battlepass,2093068,,10660996,0,1,3;6,0,0,0,蚀之裂隙 68
2193676,E_Battlepass,2093068,,10660996,0,1,3;6,0,0,0,蚀之裂隙 68
2193677,E_Battlepass,2093068,,10660996,0,1,3;6,0,0,0,蚀之裂隙 68
2193681,E_Battlepass,2093069,,10660996,0,1,3;6,0,0,0,蚀之裂隙 69
2193683,E_Battlepass,2093069,,10660996,0,1,3;6,0,0,0,蚀之裂隙 69
2193684,E_Battlepass,2093069,,10660996,0,1,3;6,0,0,0,蚀之裂隙 69
2193685,E_Battlepass,2093069,,10660996,0,1,3;6,0,0,0,蚀之裂隙 69
2193686,E_Battlepass,2093069,,10660996,0,1,3;6,0,0,0,蚀之裂隙 69
2193687,E_Battlepass,2093069,,10660996,0,1,3;6,0,0,0,蚀之裂隙 69
2193691,E_Battlepass,2093070,,10660996,0,1,3;6,0,0,0,蚀之裂隙 70
2193693,E_Battlepass,2093070,,10660996,0,1,3;6,0,0,0,蚀之裂隙 70
2193694,E_Battlepass,2093070,,10660996,0,1,3;6,0,0,0,蚀之裂隙 70
2193695,E_Battlepass,2093070,,10660996,0,1,3;6,0,0,0,蚀之裂隙 70
2193696,E_Battlepass,2093070,,10660996,0,1,3;6,0,0,0,蚀之裂隙 70
2193697,E_Battlepass,2093070,,10660996,0,1,3;6,0,0,0,蚀之裂隙 70
2193701,E_Battlepass,2093071,,10660997,0,1,3;6,0,0,0,蚀之裂隙 71
2193703,E_Battlepass,2093071,,10660997,0,1,3;6,0,0,0,蚀之裂隙 71
2193704,E_Battlepass,2093071,,10660997,0,1,3;6,0,0,0,蚀之裂隙 71
2193705,E_Battlepass,2093071,,10660997,0,1,3;6,0,0,0,蚀之裂隙 71
2193706,E_Battlepass,2093071,,10660997,0,1,3;6,0,0,0,蚀之裂隙 71
2193707,E_Battlepass,2093071,,10660997,0,1,3;6,0,0,0,蚀之裂隙 71
2193711,E_Battlepass,2093072,,10660997,0,1,3;6,0,0,0,蚀之裂隙 72
2193713,E_Battlepass,2093072,,10660997,0,1,3;6,0,0,0,蚀之裂隙 72
2193714,E_Battlepass,2093072,,10660997,0,1,3;6,0,0,0,蚀之裂隙 72
2193715,E_Battlepass,2093072,,10660997,0,1,3;6,0,0,0,蚀之裂隙 72
2193716,E_Battlepass,2093072,,10660997,0,1,3;6,0,0,0,蚀之裂隙 72
2193717,E_Battlepass,2093072,,10660997,0,1,3;6,0,0,0,蚀之裂隙 72
2193721,E_Battlepass,2093073,,10660997,0,1,3;6,0,0,0,蚀之裂隙 73
2193723,E_Battlepass,2093073,,10660997,0,1,3;6,0,0,0,蚀之裂隙 73
2193724,E_Battlepass,2093073,,10660997,0,1,3;6,0,0,0,蚀之裂隙 73
2193725,E_Battlepass,2093073,,10660997,0,1,3;6,0,0,0,蚀之裂隙 73
2193726,E_Battlepass,2093073,,10660997,0,1,3;6,0,0,0,蚀之裂隙 73
2193727,E_Battlepass,2093073,,10660997,0,1,3;6,0,0,0,蚀之裂隙 73
2193731,E_Battlepass,2093074,,10660997,0,1,3;6,0,0,0,蚀之裂隙 74
2193733,E_Battlepass,2093074,,10660997,0,1,3;6,0,0,0,蚀之裂隙 74
2193734,E_Battlepass,2093074,,10660997,0,1,3;6,0,0,0,蚀之裂隙 74
2193735,E_Battlepass,2093074,,10660997,0,1,3;6,0,0,0,蚀之裂隙 74
2193736,E_Battlepass,2093074,,10660997,0,1,3;6,0,0,0,蚀之裂隙 74
2193737,E_Battlepass,2093074,,10660997,0,1,3;6,0,0,0,蚀之裂隙 74
2193741,E_Battlepass,2093075,,10660997,0,1,3;6,0,0,0,蚀之裂隙 75
2193743,E_Battlepass,2093075,,10660997,0,1,3;6,0,0,0,蚀之裂隙 75
2193744,E_Battlepass,2093075,,10660997,0,1,3;6,0,0,0,蚀之裂隙 75
2193745,E_Battlepass,2093075,,10660997,0,1,3;6,0,0,0,蚀之裂隙 75
2193746,E_Battlepass,2093075,,10660997,0,1,3;6,0,0,0,蚀之裂隙 75
2193747,E_Battlepass,2093075,,10660997,0,1,3;6,0,0,0,蚀之裂隙 75
2193751,E_Battlepass,2093076,,10660997,0,1,3;6,0,0,0,蚀之裂隙 76
2193753,E_Battlepass,2093076,,10660997,0,1,3;6,0,0,0,蚀之裂隙 76
2193754,E_Battlepass,2093076,,10660997,0,1,3;6,0,0,0,蚀之裂隙 76
2193755,E_Battlepass,2093076,,10660997,0,1,3;6,0,0,0,蚀之裂隙 76
2193756,E_Battlepass,2093076,,10660997,0,1,3;6,0,0,0,蚀之裂隙 76
2193757,E_Battlepass,2093076,,10660997,0,1,3;6,0,0,0,蚀之裂隙 76
2193761,E_Battlepass,2093077,,10660997,0,1,3;6,0,0,0,蚀之裂隙 77
2193763,E_Battlepass,2093077,,10660997,0,1,3;6,0,0,0,蚀之裂隙 77
2193764,E_Battlepass,2093077,,10660997,0,1,3;6,0,0,0,蚀之裂隙 77
2193765,E_Battlepass,2093077,,10660997,0,1,3;6,0,0,0,蚀之裂隙 77
2193766,E_Battlepass,2093077,,10660997,0,1,3;6,0,0,0,蚀之裂隙 77
2193767,E_Battlepass,2093077,,10660997,0,1,3;6,0,0,0,蚀之裂隙 77
2193771,E_Battlepass,2093078,,10660997,0,1,3;6,0,0,0,蚀之裂隙 78
2193773,E_Battlepass,2093078,,10660997,0,1,3;6,0,0,0,蚀之裂隙 78
2193774,E_Battlepass,2093078,,10660997,0,1,3;6,0,0,0,蚀之裂隙 78
2193775,E_Battlepass,2093078,,10660997,0,1,3;6,0,0,0,蚀之裂隙 78
2193776,E_Battlepass,2093078,,10660997,0,1,3;6,0,0,0,蚀之裂隙 78
2193777,E_Battlepass,2093078,,10660997,0,1,3;6,0,0,0,蚀之裂隙 78
2193781,E_Battlepass,2093079,,10660997,0,1,3;6,0,0,0,蚀之裂隙 79
2193783,E_Battlepass,2093079,,10660997,0,1,3;6,0,0,0,蚀之裂隙 79
2193784,E_Battlepass,2093079,,10660997,0,1,3;6,0,0,0,蚀之裂隙 79
2193785,E_Battlepass,2093079,,10660997,0,1,3;6,0,0,0,蚀之裂隙 79
2193786,E_Battlepass,2093079,,10660997,0,1,3;6,0,0,0,蚀之裂隙 79
2193787,E_Battlepass,2093079,,10660997,0,1,3;6,0,0,0,蚀之裂隙 79
2193791,E_Battlepass,2093080,,10660997,0,1,3;6,0,0,0,蚀之裂隙 80
2193793,E_Battlepass,2093080,,10660997,0,1,3;6,0,0,0,蚀之裂隙 80
2193794,E_Battlepass,2093080,,10660997,0,1,3;6,0,0,0,蚀之裂隙 80
2193795,E_Battlepass,2093080,,10660997,0,1,3;6,0,0,0,蚀之裂隙 80
2193796,E_Battlepass,2093080,,10660997,0,1,3;6,0,0,0,蚀之裂隙 80
2193797,E_Battlepass,2093080,,10660997,0,1,3;6,0,0,0,蚀之裂隙 80
2193801,E_Battlepass,2093081,,10660998,0,1,3;6,0,0,0,蚀之裂隙 81
2193803,E_Battlepass,2093081,,10660998,0,1,3;6,0,0,0,蚀之裂隙 81
2193804,E_Battlepass,2093081,,10660998,0,1,3;6,0,0,0,蚀之裂隙 81
2193805,E_Battlepass,2093081,,10660998,0,1,3;6,0,0,0,蚀之裂隙 81
2193806,E_Battlepass,2093081,,10660998,0,1,3;6,0,0,0,蚀之裂隙 81
2193807,E_Battlepass,2093081,,10660998,0,1,3;6,0,0,0,蚀之裂隙 81
2193811,E_Battlepass,2093082,,10660998,0,1,3;6,0,0,0,蚀之裂隙 82
2193813,E_Battlepass,2093082,,10660998,0,1,3;6,0,0,0,蚀之裂隙 82
2193814,E_Battlepass,2093082,,10660998,0,1,3;6,0,0,0,蚀之裂隙 82
2193815,E_Battlepass,2093082,,10660998,0,1,3;6,0,0,0,蚀之裂隙 82
2193816,E_Battlepass,2093082,,10660998,0,1,3;6,0,0,0,蚀之裂隙 82
2193817,E_Battlepass,2093082,,10660998,0,1,3;6,0,0,0,蚀之裂隙 82
2193821,E_Battlepass,2093083,,10660998,0,1,3;6,0,0,0,蚀之裂隙 83
2193823,E_Battlepass,2093083,,10660998,0,1,3;6,0,0,0,蚀之裂隙 83
2193824,E_Battlepass,2093083,,10660998,0,1,3;6,0,0,0,蚀之裂隙 83
2193825,E_Battlepass,2093083,,10660998,0,1,3;6,0,0,0,蚀之裂隙 83
2193826,E_Battlepass,2093083,,10660998,0,1,3;6,0,0,0,蚀之裂隙 83
2193827,E_Battlepass,2093083,,10660998,0,1,3;6,0,0,0,蚀之裂隙 83
2193831,E_Battlepass,2093084,,10660998,0,1,3;6,0,0,0,蚀之裂隙 84
2193833,E_Battlepass,2093084,,10660998,0,1,3;6,0,0,0,蚀之裂隙 84
2193834,E_Battlepass,2093084,,10660998,0,1,3;6,0,0,0,蚀之裂隙 84
2193835,E_Battlepass,2093084,,10660998,0,1,3;6,0,0,0,蚀之裂隙 84
2193836,E_Battlepass,2093084,,10660998,0,1,3;6,0,0,0,蚀之裂隙 84
2193837,E_Battlepass,2093084,,10660998,0,1,3;6,0,0,0,蚀之裂隙 84
2193841,E_Battlepass,2093085,,10660998,0,1,3;6,0,0,0,蚀之裂隙 85
2193843,E_Battlepass,2093085,,10660998,0,1,3;6,0,0,0,蚀之裂隙 85
2193844,E_Battlepass,2093085,,10660998,0,1,3;6,0,0,0,蚀之裂隙 85
2193845,E_Battlepass,2093085,,10660998,0,1,3;6,0,0,0,蚀之裂隙 85
2193846,E_Battlepass,2093085,,10660998,0,1,3;6,0,0,0,蚀之裂隙 85
2193847,E_Battlepass,2093085,,10660998,0,1,3;6,0,0,0,蚀之裂隙 85
2193851,E_Battlepass,2093086,,10660998,0,1,3;6,0,0,0,蚀之裂隙 86
2193853,E_Battlepass,2093086,,10660998,0,1,3;6,0,0,0,蚀之裂隙 86
2193854,E_Battlepass,2093086,,10660998,0,1,3;6,0,0,0,蚀之裂隙 86
2193855,E_Battlepass,2093086,,10660998,0,1,3;6,0,0,0,蚀之裂隙 86
2193856,E_Battlepass,2093086,,10660998,0,1,3;6,0,0,0,蚀之裂隙 86
2193857,E_Battlepass,2093086,,10660998,0,1,3;6,0,0,0,蚀之裂隙 86
2193861,E_Battlepass,2093087,,10660998,0,1,3;6,0,0,0,蚀之裂隙 87
2193863,E_Battlepass,2093087,,10660998,0,1,3;6,0,0,0,蚀之裂隙 87
2193864,E_Battlepass,2093087,,10660998,0,1,3;6,0,0,0,蚀之裂隙 87
2193865,E_Battlepass,2093087,,10660998,0,1,3;6,0,0,0,蚀之裂隙 87
2193866,E_Battlepass,2093087,,10660998,0,1,3;6,0,0,0,蚀之裂隙 87
2193867,E_Battlepass,2093087,,10660998,0,1,3;6,0,0,0,蚀之裂隙 87
2193871,E_Battlepass,2093088,,10660998,0,1,3;6,0,0,0,蚀之裂隙 88
2193873,E_Battlepass,2093088,,10660998,0,1,3;6,0,0,0,蚀之裂隙 88
2193874,E_Battlepass,2093088,,10660998,0,1,3;6,0,0,0,蚀之裂隙 88
2193875,E_Battlepass,2093088,,10660998,0,1,3;6,0,0,0,蚀之裂隙 88
2193876,E_Battlepass,2093088,,10660998,0,1,3;6,0,0,0,蚀之裂隙 88
2193877,E_Battlepass,2093088,,10660998,0,1,3;6,0,0,0,蚀之裂隙 88
2193881,E_Battlepass,2093089,,10660998,0,1,3;6,0,0,0,蚀之裂隙 89
2193883,E_Battlepass,2093089,,10660998,0,1,3;6,0,0,0,蚀之裂隙 89
2193884,E_Battlepass,2093089,,10660998,0,1,3;6,0,0,0,蚀之裂隙 89
2193885,E_Battlepass,2093089,,10660998,0,1,3;6,0,0,0,蚀之裂隙 89
2193886,E_Battlepass,2093089,,10660998,0,1,3;6,0,0,0,蚀之裂隙 89
2193887,E_Battlepass,2093089,,10660998,0,1,3;6,0,0,0,蚀之裂隙 89
2193891,E_Battlepass,2093090,,10660998,0,1,3;6,0,0,0,蚀之裂隙 90
2193893,E_Battlepass,2093090,,10660998,0,1,3;6,0,0,0,蚀之裂隙 90
2193894,E_Battlepass,2093090,,10660998,0,1,3;6,0,0,0,蚀之裂隙 90
2193895,E_Battlepass,2093090,,10660998,0,1,3;6,0,0,0,蚀之裂隙 90
2193896,E_Battlepass,2093090,,10660998,0,1,3;6,0,0,0,蚀之裂隙 90
2193897,E_Battlepass,2093090,,10660998,0,1,3;6,0,0,0,蚀之裂隙 90
2193901,E_Battlepass,2093091,,10660999,0,1,3;6,0,0,0,蚀之裂隙 91
2193903,E_Battlepass,2093091,,10660999,0,1,3;6,0,0,0,蚀之裂隙 91
2193904,E_Battlepass,2093091,,10660999,0,1,3;6,0,0,0,蚀之裂隙 91
2193905,E_Battlepass,2093091,,10660999,0,1,3;6,0,0,0,蚀之裂隙 91
2193906,E_Battlepass,2093091,,10660999,0,1,3;6,0,0,0,蚀之裂隙 91
2193907,E_Battlepass,2093091,,10660999,0,1,3;6,0,0,0,蚀之裂隙 91
2193911,E_Battlepass,2093092,,10660999,0,1,3;6,0,0,0,蚀之裂隙 92
2193913,E_Battlepass,2093092,,10660999,0,1,3;6,0,0,0,蚀之裂隙 92
2193914,E_Battlepass,2093092,,10660999,0,1,3;6,0,0,0,蚀之裂隙 92
2193915,E_Battlepass,2093092,,10660999,0,1,3;6,0,0,0,蚀之裂隙 92
2193916,E_Battlepass,2093092,,10660999,0,1,3;6,0,0,0,蚀之裂隙 92
2193917,E_Battlepass,2093092,,10660999,0,1,3;6,0,0,0,蚀之裂隙 92
2193921,E_Battlepass,2093093,,10660999,0,1,3;6,0,0,0,蚀之裂隙 93
2193923,E_Battlepass,2093093,,10660999,0,1,3;6,0,0,0,蚀之裂隙 93
2193924,E_Battlepass,2093093,,10660999,0,1,3;6,0,0,0,蚀之裂隙 93
2193925,E_Battlepass,2093093,,10660999,0,1,3;6,0,0,0,蚀之裂隙 93
2193926,E_Battlepass,2093093,,10660999,0,1,3;6,0,0,0,蚀之裂隙 93
2193927,E_Battlepass,2093093,,10660999,0,1,3;6,0,0,0,蚀之裂隙 93
2193931,E_Battlepass,2093094,,10660999,0,1,3;6,0,0,0,蚀之裂隙 94
2193933,E_Battlepass,2093094,,10660999,0,1,3;6,0,0,0,蚀之裂隙 94
2193934,E_Battlepass,2093094,,10660999,0,1,3;6,0,0,0,蚀之裂隙 94
2193935,E_Battlepass,2093094,,10660999,0,1,3;6,0,0,0,蚀之裂隙 94
2193936,E_Battlepass,2093094,,10660999,0,1,3;6,0,0,0,蚀之裂隙 94
2193937,E_Battlepass,2093094,,10660999,0,1,3;6,0,0,0,蚀之裂隙 94
2193941,E_Battlepass,2093095,,10660999,0,1,3;6,0,0,0,蚀之裂隙 95
2193943,E_Battlepass,2093095,,10660999,0,1,3;6,0,0,0,蚀之裂隙 95
2193944,E_Battlepass,2093095,,10660999,0,1,3;6,0,0,0,蚀之裂隙 95
2193945,E_Battlepass,2093095,,10660999,0,1,3;6,0,0,0,蚀之裂隙 95
2193946,E_Battlepass,2093095,,10660999,0,1,3;6,0,0,0,蚀之裂隙 95
2193947,E_Battlepass,2093095,,10660999,0,1,3;6,0,0,0,蚀之裂隙 95
2193951,E_Battlepass,2093096,,10660999,0,1,3;6,0,0,0,蚀之裂隙 96
2193953,E_Battlepass,2093096,,10660999,0,1,3;6,0,0,0,蚀之裂隙 96
2193954,E_Battlepass,2093096,,10660999,0,1,3;6,0,0,0,蚀之裂隙 96
2193955,E_Battlepass,2093096,,10660999,0,1,3;6,0,0,0,蚀之裂隙 96
2193956,E_Battlepass,2093096,,10660999,0,1,3;6,0,0,0,蚀之裂隙 96
2193957,E_Battlepass,2093096,,10660999,0,1,3;6,0,0,0,蚀之裂隙 96
2193961,E_Battlepass,2093097,,10660999,0,1,3;6,0,0,0,蚀之裂隙 97
2193963,E_Battlepass,2093097,,10660999,0,1,3;6,0,0,0,蚀之裂隙 97
2193964,E_Battlepass,2093097,,10660999,0,1,3;6,0,0,0,蚀之裂隙 97
2193965,E_Battlepass,2093097,,10660999,0,1,3;6,0,0,0,蚀之裂隙 97
2193966,E_Battlepass,2093097,,10660999,0,1,3;6,0,0,0,蚀之裂隙 97
2193967,E_Battlepass,2093097,,10660999,0,1,3;6,0,0,0,蚀之裂隙 97
2193971,E_Battlepass,2093098,,10660999,0,1,3;6,0,0,0,蚀之裂隙 98
2193973,E_Battlepass,2093098,,10660999,0,1,3;6,0,0,0,蚀之裂隙 98
2193974,E_Battlepass,2093098,,10660999,0,1,3;6,0,0,0,蚀之裂隙 98
2193975,E_Battlepass,2093098,,10660999,0,1,3;6,0,0,0,蚀之裂隙 98
2193976,E_Battlepass,2093098,,10660999,0,1,3;6,0,0,0,蚀之裂隙 98
2193977,E_Battlepass,2093098,,10660999,0,1,3;6,0,0,0,蚀之裂隙 98
2193981,E_Battlepass,2093099,,10660999,0,1,3;6,0,0,0,蚀之裂隙 99
2193983,E_Battlepass,2093099,,10660999,0,1,3;6,0,0,0,蚀之裂隙 99
2193984,E_Battlepass,2093099,,10660999,0,1,3;6,0,0,0,蚀之裂隙 99
2193985,E_Battlepass,2093099,,10660999,0,1,3;6,0,0,0,蚀之裂隙 99
2193986,E_Battlepass,2093099,,10660999,0,1,3;6,0,0,0,蚀之裂隙 99
2193987,E_Battlepass,2093099,,10660999,0,1,3;6,0,0,0,蚀之裂隙 99
2193991,E_Battlepass,2093100,,10660999,0,1,3;6,0,0,0,蚀之裂隙 100
2193993,E_Battlepass,2093100,,10660999,0,1,3;6,0,0,0,蚀之裂隙 100
2193994,E_Battlepass,2093100,,10660999,0,1,3;6,0,0,0,蚀之裂隙 100
2193995,E_Battlepass,2093100,,10660999,0,1,3;6,0,0,0,蚀之裂隙 100
2193996,E_Battlepass,2093100,,10660999,0,1,3;6,0,0,0,蚀之裂隙 100
2193997,E_Battlepass,2093100,,10660999,0,1,3;6,0,0,0,蚀之裂隙 100
